-- phpMyAdmin SQL Dump
-- version 4.8.5
-- https://www.phpmyadmin.net/
--
-- Host: 127.0.0.1
-- Generation Time: Apr 02, 2021 at 12:57 PM
-- Server version: 10.1.39-MariaDB
-- PHP Version: 7.3.5

SET SQL_MODE = "NO_AUTO_VALUE_ON_ZERO";
SET AUTOCOMMIT = 0;
START TRANSACTION;
SET time_zone = "+00:00";


/*!40101 SET @OLD_CHARACTER_SET_CLIENT=@@CHARACTER_SET_CLIENT */;
/*!40101 SET @OLD_CHARACTER_SET_RESULTS=@@CHARACTER_SET_RESULTS */;
/*!40101 SET @OLD_COLLATION_CONNECTION=@@COLLATION_CONNECTION */;
/*!40101 SET NAMES utf8mb4 */;

--
-- Database: `peramalan`
--

-- --------------------------------------------------------

--
-- Table structure for table `barang_masuk`
--

CREATE TABLE `barang_masuk` (
  `id_masuk` int(11) NOT NULL,
  `tanggal` date NOT NULL,
  `id_produk` int(11) NOT NULL,
  `jumlah` int(11) NOT NULL
) ENGINE=InnoDB DEFAULT CHARSET=latin1;

--
-- Dumping data for table `barang_masuk`
--

INSERT INTO `barang_masuk` (`id_masuk`, `tanggal`, `id_produk`, `jumlah`) VALUES
(1, '2018-07-02', 4, 1),
(2, '2018-07-02', 5, 1),
(3, '2018-07-02', 6, 1),
(4, '2018-07-02', 7, 1),
(5, '2018-07-02', 8, 2),
(6, '2018-07-02', 9, 1),
(7, '2018-07-02', 10, 1),
(8, '2018-07-02', 11, 1),
(9, '2018-07-02', 2, 1),
(10, '2018-07-02', 12, 1),
(11, '2018-07-02', 13, 12),
(12, '2018-07-02', 2, 1),
(13, '2018-07-02', 7, 1),
(14, '2018-07-03', 10, 1),
(15, '2018-07-03', 14, 1),
(16, '2018-07-03', 2, 2),
(17, '2018-07-03', 15, 1),
(18, '2018-07-03', 1, 1),
(19, '2018-07-03', 16, 1),
(20, '2018-07-03', 9, 1),
(21, '2018-07-03', 12, 1),
(22, '2018-07-03', 17, 1),
(23, '2018-07-04', 8, 1),
(24, '2018-07-04', 18, 1),
(25, '2018-07-04', 19, 1),
(26, '2018-07-04', 20, 2),
(27, '2018-07-04', 21, 1),
(28, '2018-07-04', 22, 1),
(29, '2018-07-04', 23, 1),
(30, '2018-07-04', 24, 1),
(31, '2018-07-04', 5, 1),
(32, '2018-07-04', 25, 1),
(33, '2018-07-04', 26, 1),
(34, '2018-07-04', 27, 1),
(35, '2018-07-05', 28, 1),
(36, '2018-07-05', 29, 1),
(37, '2018-07-05', 10, 2),
(38, '2018-07-05', 8, 2),
(39, '2018-07-05', 18, 2),
(40, '2018-07-05', 12, 1),
(41, '2018-07-05', 29, 1),
(42, '2018-07-06', 30, 1),
(43, '2018-07-06', 31, 1),
(44, '2018-07-06', 32, 1),
(45, '2018-07-06', 33, 1),
(46, '2018-07-06', 34, 3),
(47, '2018-07-06', 35, 1),
(48, '2018-07-06', 10, 1),
(49, '2018-07-06', 36, 1),
(50, '2018-07-06', 37, 1),
(51, '2018-07-06', 19, 1),
(52, '2018-07-06', 38, 1),
(53, '2018-07-06', 39, 1),
(54, '2018-07-06', 40, 1),
(55, '2018-07-07', 17, 1),
(56, '2018-07-07', 39, 1),
(57, '2018-07-09', 41, 1),
(58, '2018-07-09', 1, 2),
(59, '2018-07-09', 8, 3),
(60, '2018-07-09', 10, 2),
(61, '2018-07-09', 9, 2),
(62, '2018-07-09', 22, 1),
(63, '2018-07-09', 33, 1),
(64, '2018-07-10', 42, 1),
(65, '2018-07-10', 40, 1),
(66, '2018-07-10', 43, 2),
(67, '2018-07-10', 44, 1),
(68, '2018-07-10', 21, 1),
(69, '2018-07-10', 34, 2),
(70, '2018-07-10', 45, 1),
(71, '2018-07-10', 33, 1),
(72, '2018-07-10', 16, 2),
(73, '2018-07-10', 46, 1),
(74, '2018-07-10', 10, 1),
(75, '2018-07-10', 47, 1),
(76, '2018-07-11', 48, 1),
(77, '2018-07-11', 49, 1),
(78, '2018-07-11', 14, 1),
(79, '2018-07-11', 2, 1),
(80, '2018-07-11', 8, 3),
(81, '2018-07-11', 10, 2),
(82, '2018-07-11', 9, 2),
(83, '2018-07-11', 18, 1),
(84, '2018-07-11', 50, 1),
(85, '2018-07-11', 47, 1),
(86, '2018-07-12', 51, 1),
(87, '2018-07-12', 26, 1),
(88, '2018-07-12', 18, 2),
(89, '2018-07-12', 52, 1),
(90, '2018-07-12', 8, 4),
(91, '2018-07-12', 10, 1),
(92, '2018-07-12', 53, 1),
(93, '2018-07-12', 40, 1),
(94, '2018-07-12', 54, 1),
(95, '2018-07-12', 34, 1),
(96, '2018-07-12', 55, 1),
(97, '2018-07-12', 13, 12),
(98, '2018-07-13', 52, 1),
(99, '2018-07-13', 50, 1),
(100, '2018-07-13', 3, 1),
(101, '2018-07-13', 42, 1),
(102, '2018-07-14', 20, 2),
(103, '2018-07-14', 47, 1),
(104, '2018-07-14', 56, 1),
(105, '2018-07-14', 55, 1),
(106, '2018-07-14', 10, 1),
(107, '2018-07-14', 32, 1),
(108, '2018-07-14', 31, 1),
(109, '2018-07-14', 17, 1),
(110, '2018-07-14', 47, 1),
(111, '2018-07-16', 16, 3),
(112, '2018-07-16', 18, 2),
(113, '2018-07-16', 57, 1),
(114, '2018-07-16', 46, 1),
(115, '2018-07-16', 8, 2),
(116, '2018-07-16', 10, 1),
(117, '2018-07-16', 58, 1),
(118, '2018-07-16', 3, 1),
(119, '2018-07-16', 59, 1),
(120, '2018-07-16', 60, 1),
(121, '2018-07-16', 61, 1),
(122, '2018-07-17', 62, 1),
(123, '2018-07-17', 63, 1),
(124, '2018-07-17', 33, 1),
(125, '2018-07-17', 10, 1),
(126, '2018-07-17', 1, 1),
(127, '2018-07-17', 16, 2),
(128, '2018-07-17', 34, 1),
(129, '2018-07-17', 9, 1),
(130, '2018-07-17', 8, 1),
(131, '2018-07-17', 10, 1),
(132, '2018-07-17', 30, 1),
(133, '2018-07-18', 61, 1),
(134, '2018-07-18', 64, 1),
(135, '2018-07-18', 60, 1),
(136, '2018-07-18', 9, 1),
(137, '2018-07-18', 5, 2),
(138, '2018-07-18', 65, 1),
(139, '2018-07-18', 25, 1),
(140, '2018-07-18', 33, 1),
(141, '2018-07-18', 2, 2),
(142, '2018-07-18', 60, 1),
(143, '2018-07-18', 40, 1),
(144, '2018-07-18', 57, 1),
(145, '2018-07-18', 40, 1),
(146, '2018-07-18', 66, 1),
(147, '2018-07-19', 67, 1),
(148, '2018-07-19', 1, 2),
(149, '2018-07-19', 16, 2),
(150, '2018-07-19', 8, 1),
(151, '2018-07-19', 68, 1),
(152, '2018-07-19', 34, 1),
(153, '2018-07-19', 9, 1),
(154, '2018-07-19', 68, 1),
(155, '2018-07-19', 10, 1),
(156, '2018-07-21', 69, 1),
(157, '2018-07-21', 16, 1),
(158, '2018-07-21', 70, 1),
(159, '2018-07-21', 33, 2),
(160, '2018-07-21', 9, 1),
(161, '2018-07-21', 61, 1),
(162, '2018-07-21', 18, 1),
(163, '2018-07-21', 71, 1),
(164, '2018-07-21', 10, 1),
(165, '2018-07-21', 40, 1),
(166, '2018-07-21', 67, 1),
(167, '2018-07-23', 59, 1),
(168, '2018-07-23', 72, 1),
(169, '2018-07-23', 73, 2),
(170, '2018-07-23', 74, 1),
(171, '2018-07-23', 75, 1),
(172, '2018-07-23', 9, 2),
(173, '2018-07-23', 54, 1),
(174, '2018-07-23', 55, 1),
(175, '2018-07-23', 10, 2),
(176, '2018-07-23', 76, 1),
(177, '2018-07-23', 18, 1),
(178, '2018-07-23', 65, 1),
(179, '2018-07-23', 13, 12),
(180, '2018-07-23', 61, 1),
(181, '2018-07-23', 77, 2),
(182, '2018-07-23', 78, 1),
(183, '2018-07-23', 42, 1),
(184, '2018-07-23', 79, 1),
(185, '2018-07-24', 25, 1),
(186, '2018-07-23', 80, 1),
(187, '2018-07-25', 59, 1),
(188, '2018-07-25', 3, 1),
(189, '2018-07-25', 78, 1),
(190, '2018-07-25', 73, 1),
(191, '2018-07-25', 73, 1),
(192, '2018-07-25', 19, 1),
(193, '2018-07-25', 12, 1),
(194, '2018-07-25', 67, 1),
(195, '2018-07-25', 81, 3),
(196, '2018-07-25', 82, 1),
(197, '2018-07-25', 83, 1),
(198, '2018-07-27', 5, 1),
(199, '2018-07-27', 34, 1),
(200, '2018-07-27', 80, 1),
(201, '2018-07-27', 52, 1),
(202, '2018-07-27', 38, 1),
(203, '2018-07-27', 18, 1),
(204, '2018-07-27', 16, 2),
(205, '2018-07-27', 5, 1),
(206, '2018-07-27', 10, 1),
(207, '2018-07-27', 13, 12),
(208, '2018-07-27', 84, 1),
(209, '2018-07-28', 85, 1),
(210, '2018-07-28', 34, 1),
(211, '2018-07-28', 86, 1),
(212, '2018-07-30', 16, 3),
(213, '2018-07-30', 1, 2),
(214, '2018-07-30', 9, 2),
(215, '2018-07-30', 34, 2),
(216, '2018-07-30', 54, 1),
(217, '2018-07-30', 67, 1),
(218, '2018-07-31', 87, 1),
(219, '2018-07-31', 88, 5),
(220, '2018-08-01', 34, 2),
(221, '2018-08-01', 20, 1),
(222, '2018-08-01', 16, 2),
(223, '2018-08-01', 1, 2),
(224, '2018-08-01', 22, 1),
(225, '2018-08-01', 71, 1),
(226, '2018-08-01', 48, 1),
(227, '2018-08-01', 67, 1),
(228, '2018-08-01', 23, 1),
(229, '2018-08-01', 26, 1),
(230, '2018-08-01', 9, 2),
(231, '2018-08-01', 8, 3),
(232, '2018-08-01', 89, 1),
(233, '2018-08-01', 90, 1),
(234, '2018-08-01', 45, 1),
(235, '2018-08-02', 91, 1),
(236, '2018-08-02', 6, 1),
(237, '2018-08-02', 2, 2),
(238, '2018-08-02', 16, 3),
(239, '2018-08-02', 46, 1),
(240, '2018-08-02', 5, 1),
(241, '2018-08-02', 22, 1),
(242, '2018-08-02', 6, 1),
(243, '2018-08-02', 50, 1),
(244, '2018-08-03', 9, 1),
(245, '2018-08-03', 33, 1),
(246, '2018-08-03', 92, 1),
(247, '2018-08-04', 93, 1),
(248, '2018-08-04', 91, 2),
(249, '2018-08-04', 30, 1),
(250, '2018-08-04', 9, 1),
(251, '2018-08-04', 33, 1),
(252, '2018-08-04', 33, 1),
(253, '2018-08-04', 9, 1),
(254, '2018-08-04', 88, 1),
(255, '2018-08-04', 75, 1),
(256, '2018-08-04', 1, 1),
(257, '2018-08-06', 10, 2),
(258, '2018-08-06', 35, 1),
(259, '2018-08-06', 1, 1),
(260, '2018-08-06', 9, 2),
(261, '2018-08-06', 10, 1),
(262, '2018-08-06', 16, 1),
(263, '2018-08-06', 2, 1),
(264, '2018-08-06', 34, 2),
(265, '2018-08-06', 10, 1),
(266, '2018-08-07', 75, 1),
(267, '2018-08-08', 63, 1),
(268, '2018-08-09', 42, 1),
(269, '2018-08-10', 12, 1),
(270, '2018-08-10', 8, 2),
(271, '2018-08-10', 80, 1),
(272, '2018-08-10', 94, 1),
(273, '2018-08-10', 19, 1),
(274, '2018-08-10', 37, 1),
(275, '2018-08-10', 1, 1),
(276, '2018-08-10', 16, 1),
(277, '2018-08-10', 10, 1),
(278, '2018-08-10', 26, 1),
(279, '2018-08-11', 73, 1),
(280, '2018-08-13', 42, 1),
(281, '2018-08-13', 88, 1),
(282, '2018-08-13', 69, 1),
(283, '2018-08-13', 8, 3),
(284, '2018-08-13', 18, 2),
(285, '2018-08-13', 12, 1),
(286, '2018-08-13', 1, 1),
(287, '2018-08-13', 95, 1),
(288, '2018-08-13', 61, 1),
(289, '2018-08-13', 40, 1),
(290, '2018-08-14', 96, 1),
(291, '2018-08-14', 95, 1),
(292, '2018-08-14', 97, 1),
(293, '2018-08-15', 98, 1),
(294, '2018-08-15', 52, 1),
(295, '2018-08-15', 11, 1),
(296, '2018-08-15', 68, 1),
(297, '2018-08-15', 146, 1),
(298, '2018-08-15', 9, 1),
(299, '2018-08-15', 8, 2),
(300, '2018-08-15', 18, 1),
(301, '2018-08-15', 38, 1),
(302, '2018-08-15', 47, 1),
(303, '2018-08-16', 30, 1),
(304, '2018-08-16', 21, 1),
(305, '2018-08-16', 10, 1),
(306, '2018-08-16', 146, 1),
(307, '2018-08-16', 3, 1),
(308, '2018-08-16', 37, 1),
(309, '2018-08-17', 30, 1),
(310, '2018-08-17', 16, 2),
(311, '2018-08-17', 61, 1),
(312, '2018-08-17', 33, 1),
(313, '2018-08-17', 1, 1),
(314, '2018-08-17', 20, 1),
(315, '2018-08-17', 7, 1),
(316, '2018-08-17', 95, 1),
(317, '2018-08-17', 18, 1),
(318, '2018-08-17', 47, 1),
(319, '2018-08-20', 54, 2),
(320, '2018-08-20', 2, 2),
(321, '2018-08-20', 10, 1),
(322, '2018-08-20', 8, 2),
(323, '2018-08-20', 32, 1),
(324, '2018-08-20', 16, 1),
(325, '2018-08-20', 10, 1),
(326, '2018-08-20', 8, 4),
(327, '2018-08-20', 75, 1),
(328, '2018-08-20', 12, 1),
(329, '2018-08-20', 99, 1),
(330, '2018-08-20', 6, 1),
(331, '2018-08-20', 60, 1),
(332, '2018-08-20', 47, 1),
(333, '2018-08-20', 130, 1),
(334, '2018-08-20', 6, 1),
(335, '2018-08-20', 3, 1),
(336, '2018-08-21', 64, 1),
(337, '2018-08-21', 100, 1),
(338, '2018-08-21', 94, 1),
(339, '2018-08-21', 48, 1),
(340, '2018-08-21', 12, 1),
(341, '2018-08-21', 42, 1),
(342, '2018-08-21', 1, 1),
(343, '2018-08-21', 5, 1),
(344, '2018-08-23', 59, 1),
(345, '2018-08-23', 19, 1),
(346, '2018-08-23', 16, 2),
(347, '2018-08-23', 8, 3),
(348, '2018-08-23', 1, 1),
(349, '2018-08-23', 34, 1),
(350, '2018-08-23', 9, 1),
(351, '2018-08-23', 18, 1),
(352, '2018-08-23', 40, 1),
(353, '2018-08-24', 16, 2),
(354, '2018-08-24', 68, 1),
(355, '2018-08-24', 36, 1),
(356, '2018-08-24', 7, 1),
(357, '2018-08-24', 8, 2),
(358, '2018-08-24', 2, 1),
(359, '2018-08-24', 10, 1),
(360, '2018-08-24', 60, 1),
(361, '2018-08-24', 7, 1),
(362, '2018-08-25', 12, 1),
(363, '2018-08-27', 12, 1),
(364, '2018-08-27', 36, 1),
(365, '2018-08-27', 69, 1),
(366, '2018-08-27', 16, 2),
(367, '2018-08-27', 54, 1),
(368, '2018-08-27', 18, 1),
(369, '2018-08-27', 8, 1),
(370, '2018-08-27', 1, 1),
(371, '2018-08-27', 39, 1),
(372, '2018-08-27', 81, 1),
(373, '2018-08-27', 101, 1),
(374, '2018-08-27', 99, 1),
(375, '2018-08-27', 13, 12),
(376, '2018-08-27', 70, 1),
(377, '2018-08-28', 101, 1),
(378, '2018-08-28', 102, 1),
(379, '2018-08-28', 25, 1),
(380, '2018-08-28', 103, 1),
(381, '2018-08-28', 69, 1),
(382, '2018-08-28', 2, 1),
(383, '2018-08-28', 8, 1),
(384, '2018-08-28', 61, 1),
(385, '2018-08-28', 140, 1),
(386, '2018-08-28', 107, 1),
(387, '2018-08-28', 40, 1),
(388, '2018-08-29', 56, 1),
(389, '2018-08-29', 92, 1),
(390, '2018-08-29', 4, 1),
(391, '2018-08-29', 104, 1),
(392, '2018-08-29', 94, 1),
(393, '2018-08-30', 59, 2),
(394, '2018-08-30', 73, 3),
(395, '2018-08-30', 105, 1),
(396, '2018-08-30', 12, 2),
(397, '2018-08-30', 10, 2),
(398, '2018-08-30', 24, 1),
(399, '2018-08-30', 101, 1),
(400, '2018-08-30', 7, 1),
(401, '2018-08-30', 18, 1),
(402, '2018-08-30', 106, 1),
(403, '2018-08-30', 29, 2),
(404, '2018-08-30', 83, 1),
(405, '2018-08-30', 73, 2),
(406, '2018-08-30', 74, 1),
(407, '2018-08-31', 88, 1),
(408, '2018-08-31', 104, 1),
(409, '2018-09-01', 58, 1),
(410, '2018-09-01', 88, 1),
(411, '2018-09-01', 59, 1),
(412, '2018-09-01', 40, 1),
(413, '2018-09-01', 61, 1),
(414, '2018-09-01', 57, 1),
(415, '2018-09-10', 36, 1),
(416, '2018-09-01', 140, 1),
(417, '2018-09-01', 16, 2),
(418, '2018-09-01', 1, 2),
(419, '2018-09-01', 8, 2),
(420, '2018-09-01', 18, 2),
(421, '2018-09-01', 107, 1),
(422, '2018-09-03', 42, 1),
(423, '2018-09-03', 19, 1),
(424, '2018-09-03', 22, 2),
(425, '2018-09-03', 16, 2),
(426, '2018-09-03', 108, 1),
(427, '2018-09-03', 47, 1),
(428, '2018-09-03', 25, 1),
(429, '2018-09-03', 60, 1),
(430, '2018-09-03', 47, 1),
(431, '2018-09-03', 109, 1),
(432, '2018-09-03', 147, 1),
(433, '2018-09-03', 148, 1),
(434, '2018-09-03', 34, 2),
(435, '2018-09-03', 66, 1),
(436, '2018-09-03', 24, 1),
(437, '2018-09-03', 110, 1),
(438, '2018-09-04', 12, 1),
(439, '2018-09-04', 102, 1),
(440, '2018-09-04', 18, 3),
(441, '2018-09-04', 34, 2),
(442, '2018-09-04', 8, 2),
(443, '2018-09-04', 16, 1),
(444, '2018-09-04', 54, 1),
(445, '2018-09-04', 58, 1),
(446, '2018-09-05', 3, 1),
(447, '2018-09-05', 111, 1),
(448, '2018-09-05', 8, 4),
(449, '2018-09-05', 18, 4),
(450, '2018-06-05', 61, 2),
(451, '2018-09-06', 58, 1),
(452, '2018-09-06', 47, 1),
(453, '2018-09-06', 89, 1),
(454, '2018-09-06', 84, 1),
(455, '2018-09-06', 149, 1),
(456, '2018-09-07', 112, 1),
(457, '2018-09-07', 71, 1),
(458, '2018-09-07', 112, 1),
(459, '2018-09-07', 5, 1),
(460, '2018-09-07', 106, 1),
(461, '2018-09-07', 21, 1),
(462, '2018-09-07', 25, 1),
(463, '2018-09-07', 8, 2),
(464, '2018-09-07', 18, 2),
(465, '2018-09-07', 10, 1),
(466, '2018-09-07', 47, 1),
(467, '2018-09-10', 77, 1),
(468, '2018-09-10', 48, 1),
(469, '2018-09-10', 50, 1),
(470, '2018-09-10', 91, 1),
(471, '2018-09-10', 150, 1),
(472, '2018-09-11', 148, 1),
(473, '2018-09-11', 40, 3),
(474, '2018-09-11', 28, 1),
(475, '2018-09-11', 151, 1),
(476, '2018-09-11', 6, 1),
(477, '2018-09-12', 20, 1),
(478, '2018-09-12', 106, 1),
(479, '2018-09-12', 61, 1),
(480, '2018-09-12', 113, 1),
(481, '2018-09-12', 69, 1),
(482, '2018-09-12', 57, 1),
(483, '2018-09-12', 16, 1),
(484, '2018-09-12', 18, 1),
(485, '2018-09-12', 54, 1),
(486, '2018-09-12', 22, 1),
(487, '2018-09-12', 17, 1),
(488, '2018-09-12', 42, 1),
(489, '2018-09-13', 8, 3),
(490, '2018-09-13', 9, 1),
(491, '2018-09-13', 1, 1),
(492, '2018-09-13', 32, 1),
(493, '2018-09-13', 34, 1),
(494, '2018-09-13', 61, 1),
(495, '2018-09-13', 54, 1),
(496, '2018-09-13', 10, 1),
(497, '2018-09-14', 33, 1),
(498, '2018-09-14', 113, 1),
(499, '2018-09-14', 65, 1),
(500, '2018-09-14', 10, 2),
(501, '2018-09-14', 9, 1),
(502, '2018-09-14', 25, 1),
(503, '2018-09-14', 19, 1),
(504, '2018-09-14', 66, 1),
(505, '2018-09-14', 5, 1),
(506, '2018-09-14', 4, 1),
(507, '2018-09-15', 114, 1),
(508, '2018-09-15', 115, 1),
(509, '2018-09-15', 89, 1),
(510, '2018-09-15', 116, 1),
(511, '2018-09-17', 2, 2),
(512, '2018-09-17', 28, 1),
(513, '2018-09-17', 15, 1),
(514, '2018-09-17', 117, 1),
(515, '2018-09-17', 106, 1),
(516, '2018-09-17', 10, 2),
(517, '2018-09-17', 60, 2),
(518, '2018-09-17', 118, 1),
(519, '2018-09-18', 119, 1),
(520, '2018-09-18', 12, 2),
(521, '2018-09-18', 55, 1),
(522, '2018-09-18', 1, 1),
(523, '2018-09-18', 8, 1),
(524, '2018-09-18', 9, 1),
(525, '2018-09-18', 32, 1),
(526, '2018-09-18', 120, 1),
(527, '2018-09-18', 33, 1),
(528, '2018-09-18', 5, 1),
(529, '2018-09-18', 121, 1),
(530, '2018-09-18', 91, 1),
(531, '2018-09-19', 30, 1),
(532, '2018-09-19', 40, 1),
(533, '2018-09-19', 26, 2),
(534, '2018-09-19', 8, 2),
(535, '2018-09-19', 16, 2),
(536, '2018-09-19', 1, 1),
(537, '2018-09-19', 55, 1),
(538, '2018-09-19', 12, 1),
(539, '2018-09-19', 8, 1),
(540, '2018-09-19', 122, 1),
(541, '2018-09-19', 58, 1),
(542, '2018-09-20', 123, 1),
(543, '2018-09-20', 109, 1),
(544, '2018-09-20', 15, 1),
(545, '2018-09-20', 48, 1),
(546, '2018-09-20', 123, 1),
(547, '2018-09-21', 124, 1),
(548, '2018-09-22', 59, 1),
(549, '2018-09-22', 83, 1),
(550, '2018-09-22', 16, 3),
(551, '2018-09-22', 33, 1),
(552, '2018-09-22', 54, 2),
(553, '2018-09-22', 48, 1),
(554, '2018-09-22', 69, 1),
(555, '2018-09-22', 5, 2),
(556, '2018-09-22', 114, 1),
(557, '2018-09-24', 13, 12),
(558, '2018-09-24', 111, 1),
(559, '2018-09-24', 123, 1),
(560, '2018-09-24', 131, 1),
(561, '2018-09-24', 59, 1),
(562, '2018-09-24', 108, 1),
(563, '2018-09-24', 2, 1),
(564, '2018-09-24', 15, 3),
(565, '2018-09-24', 16, 1),
(566, '2018-09-24', 1, 1),
(567, '2018-09-24', 8, 1),
(568, '2018-09-24', 18, 1),
(569, '2018-09-24', 38, 1),
(570, '2018-09-24', 42, 1),
(571, '2018-09-24', 149, 1),
(572, '2018-09-24', 58, 1),
(573, '2018-09-24', 68, 1),
(574, '2018-09-25', 83, 1),
(575, '2018-09-25', 77, 1),
(576, '2018-09-25', 67, 1),
(577, '2018-09-25', 84, 1),
(578, '2018-09-25', 92, 1),
(579, '2018-09-25', 106, 1),
(580, '2018-09-25', 10, 2),
(581, '2018-09-25', 18, 3),
(582, '2018-09-25', 54, 1),
(583, '2018-09-25', 12, 1),
(584, '2018-09-25', 47, 1),
(585, '2018-09-25', 25, 2),
(586, '2018-09-26', 42, 1),
(587, '2018-09-26', 20, 1),
(588, '2018-09-26', 125, 1),
(589, '2018-09-26', 50, 1),
(590, '2018-09-26', 127, 1),
(591, '2018-09-26', 92, 1),
(592, '2018-09-27', 44, 1),
(593, '2018-09-27', 61, 1),
(594, '2018-09-27', 5, 1),
(595, '2018-09-27', 32, 1),
(596, '2018-09-27', 10, 1),
(597, '2018-09-27', 18, 1),
(598, '2018-09-27', 16, 1),
(599, '2018-09-27', 8, 1),
(600, '2018-09-27', 9, 1);

-- --------------------------------------------------------

--
-- Table structure for table `jenis_produk`
--

CREATE TABLE `jenis_produk` (
  `id_jenis` int(11) NOT NULL,
  `nama_jenis` text NOT NULL
) ENGINE=InnoDB DEFAULT CHARSET=latin1;

--
-- Dumping data for table `jenis_produk`
--

INSERT INTO `jenis_produk` (`id_jenis`, `nama_jenis`) VALUES
(1, 'Paket'),
(2, 'Satuan');

-- --------------------------------------------------------

--
-- Table structure for table `produk`
--

CREATE TABLE `produk` (
  `id_produk` int(11) NOT NULL,
  `nama_produk` varchar(256) NOT NULL,
  `jenis_produk` int(11) NOT NULL,
  `harga` int(11) NOT NULL
) ENGINE=InnoDB DEFAULT CHARSET=latin1;

--
-- Dumping data for table `produk`
--

INSERT INTO `produk` (`id_produk`, `nama_produk`, `jenis_produk`, `harga`) VALUES
(1, 'CREAM PAGI SW2', 2, 135000),
(2, 'CREAM PAGI 2AC', 2, 135000),
(3, 'PAKET SW2 TONER MELASMA MC AF', 1, 378000),
(4, 'PAKET BODY WHITENING COMPLEX 3 IN 1 PH+ CAIR', 1, 585000),
(5, 'SABUN JERAWAT CAIR', 2, 50000),
(6, 'CLEANSING SOLUTION KECIL', 2, 40000),
(7, 'TR1', 2, 55000),
(8, 'BRIGHTENING DAY CREAM', 2, 95000),
(9, 'TONER BRIGTHENING', 2, 100000),
(10, 'SABUN M', 2, 70000),
(11, 'TONER SUPER', 2, 80000),
(12, 'CREAM MALAM 2 AC WHITENING', 2, 135000),
(13, 'SABUN WHITENING P 2 IN 1', 2, 25000),
(14, 'CREAM MALAM 2 AC1', 2, 125000),
(15, 'TONER AOC', 2, 100000),
(16, 'CREAM MALAM SW2', 2, 135000),
(17, 'CLEANSING SOLUTION BESAR', 2, 55000),
(18, 'RADIANCE NIGHT CREAM', 2, 95000),
(19, 'LOTION PAGI WHITENING BESAR', 2, 100000),
(20, 'DAY CREAM ROSE', 2, 150000),
(21, 'TONER KOMBINASI F', 2, 100000),
(22, 'WHITENING BODY CREAM KECIL', 2, 120000),
(23, 'WHITENING BODY CREAM BESAR', 2, 200000),
(24, 'WHITENING BODY LOTION KECIL', 2, 140000),
(25, 'BODY SOAP', 2, 50000),
(26, 'LIQUID PH +', 2, 150000),
(27, 'LINE CARE EYE CREAM', 2, 75000),
(28, 'TONER B STRONG', 2, 100000),
(29, 'MILKCLEANSER BESAR', 2, 55000),
(30, 'PAKET SW2 MIX 2 AC TONER ACNE CS TR', 1, 420000),
(31, 'AF5 (CREAM BOPENG)', 2, 75000),
(32, 'CREAM MALAM 2 AC', 2, 135000),
(33, 'SABUN WAJAH SW', 2, 80000),
(34, 'CREAM MALAM KD1', 2, 125000),
(35, 'CREAM MALAM M3', 2, 95000),
(36, 'SUNCARE FOR OILY 10 GR', 2, 85000),
(37, 'LOTION MALAM BESAR', 2, 90000),
(38, 'AHA BODY CREAM', 2, 50000),
(39, 'SUNBLOCK MELASMA', 2, 85000),
(40, 'SABUN WAJAH PLATINUM', 2, 120000),
(41, 'PAKET M1 MIX PB1 PS + TONER B STRONG', 1, 255000),
(42, 'PAKET 2 AC TONER ACNE CS TR', 1, 435000),
(43, 'SERUM WHITENING KOMPLEK KECIL', 2, 85000),
(44, 'PEMUTIH KETIAK', 2, 75000),
(45, 'DARK CIRCLE', 2, 85000),
(46, 'TONER KOMBINASI AC', 2, 110000),
(47, 'MILKCLEANSER KECIL', 2, 40000),
(48, 'SUNBLOCK SPF 50', 2, 85000),
(49, 'MILKCLEANSER PLATINUM', 2, 80000),
(50, 'LIGHTENING SERUM FOR ACNE 15 ML', 2, 265000),
(51, 'PAKET SW2 TONER B MC AF', 1, 430000),
(52, 'VITAMIN BIBIR', 2, 65000),
(53, 'BODY SCRUB LUX SUSU', 2, 65000),
(54, 'AF1', 2, 80000),
(55, 'WHITENING BODY LOTION BESAR', 2, 250000),
(56, 'SERUM LIFTING 15 ML', 2, 265000),
(57, 'CREAM MALAM SW PLATINUM', 2, 250000),
(58, 'SUNBLOCK B BONUS', 2, 35000),
(59, 'PAKET M1 TONER B MC SUN B', 1, 365000),
(60, 'SABUN JERAWAT PADAT', 2, 40000),
(61, 'SUNBLOCK B+', 2, 85000),
(62, 'PAKET BADAN PEMULA HEMAT CAIR', 1, 270000),
(63, 'SERUM WAJAH ARBUTIN 8 ML', 2, 85000),
(64, 'PAKET BADAN JUMBO HEMAT CAIR', 1, 435000),
(65, 'WHITENING SCRUB', 2, 40000),
(66, 'WET POWDER', 2, 80000),
(67, 'REGENESIS BRITHENING SERUM 15 ML', 2, 250000),
(68, 'WHITENING NIGHT CREAM', 2, 120000),
(69, 'HIGH EXCLUSIVE DAY CREAM', 2, 150000),
(70, 'EYE BAG MOISTURIZER', 2, 85000),
(71, 'SERUM FOR ACNE 8 ML', 2, 85000),
(72, 'PAKET M1 PS TONER B STRONG', 1, 265000),
(73, 'PAKET M1 PS + TONER B', 1, 265000),
(74, 'PAKET M1 PC + TONER B', 1, 265000),
(75, 'TONER AF', 2, 65000),
(76, 'CREAM MALAM 2 AC2', 2, 125000),
(77, 'PAKET SW2 TONER B MC SUN B', 1, 430000),
(78, 'PAKET SW2 MIX 2 AC TONER KOMBINASI AC CS TR', 1, 440000),
(79, 'PAKET M1 TONER B STRONG MC SUN B', 1, 365000),
(80, 'CREAM MALAM PB1', 2, 85000),
(81, 'PAKET SW2 TONER KOMBINASI F MC AF1', 1, 430000),
(82, 'PAKET SW2 TONER NORMAL MC SUN B', 1, 420000),
(83, 'PAKET M1 TONER MELASMA MC AF', 1, 355000),
(84, 'CENTEPORE CREAM', 2, 65000),
(85, 'BLEMISH PINK', 2, 85000),
(86, 'PAKET 2 AC PCS NON TONER CP/CP', 1, 315000),
(87, 'PAKET BADAN JUMBO LENGKAP', 1, 585000),
(88, 'ANTI IRITASI', 2, 10000),
(89, 'SERUM LIFTING 8 ML', 2, 150000),
(90, 'CREAM BADAN PK', 2, 120000),
(91, 'MINI PACK SERI PB1 TONER B', 1, 180000),
(92, 'PEMUTIH LEHER', 2, 75000),
(93, 'PAKET 2 AC PS + TONER ACNE', 1, 330000),
(94, 'SERUM VITAMIN C 15% 8ML', 2, 85000),
(95, 'BB CREAM 2', 2, 135000),
(96, 'PAKET BUMIL 1 AS TONER SUPER MC SUN B', 1, 390000),
(97, 'PAKET M1 MIX PB1 TONER ACNE CS TR', 1, 335000),
(98, 'PAKET M1 TONER KOMBINASI F MC AF', 1, 365000),
(99, 'LUMIWHITE WHITENING CREAM', 2, 150000),
(100, 'PAKET M1 PC + TONER B STRONG', 1, 255000),
(101, 'LOT PAGI EXC', 2, 110000),
(102, 'SABUN WHITENING EXC', 2, 165000),
(103, 'LOT EXC DIAMOND', 2, 110000),
(104, 'TONER NORMAL', 2, 65000),
(105, 'PAKET SW2 PC + TONER B', 1, 335000),
(106, 'SKIN TONIC ACNE', 2, 65000),
(107, 'LOTION MALAM KECIL', 2, 35000),
(108, 'CREAM MALAM 2 AC PU', 2, 135000),
(109, 'PAKET BUMIL 1 AS NORMAL MC SUN B', 1, 380000),
(110, 'PAKET M1 MIX PB1 TONER NORMAL CS TR', 1, 355000),
(111, 'SERUM GOLD 20 ML', 2, 175000),
(112, 'MINI PACK SERI PB1 TONER NORMAL', 1, 170000),
(113, 'BEDAK TABUR NAC', 2, 65000),
(114, 'ACNE NIGHT GEL', 2, 85000),
(115, 'PAKET BUMIL 1 AS MELASMA MC AF1', 1, 380000),
(116, 'PAKET M1 PS + TONER KOMBINASI F', 1, 265000),
(117, 'BEDAK TABUR LUXURY', 2, 100000),
(118, 'PAKET 2 AC PC + TONER ACNE', 1, 345000),
(119, 'SUNCARE FOR ACNE 10 GR', 2, 85000),
(120, 'AF1 BONUS', 2, 50000),
(121, 'PAKET SW2 MIX 2 AC TONER B MC TR', 1, 430000),
(122, 'PAKET M1 MIX PB1 TONER B CS TR', 1, 365000),
(123, 'PAKET BUMIL 1 AS PS + TONER AOC', 1, 275000),
(124, 'MOIST BESAR', 2, 40000),
(125, 'TONER ANTI OKSIDAN KECIL', 2, 80000),
(126, 'PAKET COMPLETE 2 IN 1 LENGKAP M1B + PEMULA HEMAT', 1, 580000),
(127, 'PAKET SW2 PS + TONER B', 1, 365000),
(128, 'LOT MALAM EXC', 2, 110000),
(129, 'ACNE SHOOTING CREAM', 2, 85000),
(130, 'SOOTHING CREAM', 2, 60000),
(131, 'PAKET PB1 PS + TONER B STRONG', 1, 210000),
(132, 'PAKET BADAN HEMAT EXCLUSIVE', 1, 435000),
(133, 'CREAM MALAM LUX GOLD', 2, 150000),
(134, 'PAKET PRAKTIS 2 AC WHITENING', 1, 335000),
(135, 'SERUM WAJAH ARBUTIN 20 ML', 2, 175000),
(136, 'MINI PACK SERI M1 TONER B', 1, 190000),
(137, 'PAKET BUMIL 2 AC PU PS FW + BRIGHTENING TONER', 1, 350000),
(138, 'LUMINOUS LIGHTENING SERUM', 2, 240000),
(139, 'PAKET SW2 MIX 2 AC PS CAIR + TONER ACNE', 1, 345000),
(140, 'LOTION PAGI WHITENING KECIL', 2, 40000),
(141, 'PAKET BUMIL 1 AS PS + TONER SUPER', 1, 275000),
(142, 'LUMINAGE LIGHTENING SERUM 15 ML', 2, 315000),
(143, 'PAKET BADAN HEMAT LUXURY', 1, 435000),
(144, 'PAKET PB1 PS + TONER MELASMA', 1, 200000),
(145, 'PAKET BADAN HEMAT MASKULIN', 1, 270000),
(146, 'AF4', 2, 90000),
(147, 'CREAM PAGI PB1', 2, 85000),
(148, 'SABUN WAJAH M 100 ML', 2, 50000),
(149, 'SERUM MELASMA KECIL', 2, 85000),
(150, 'LOT PAGI LUX', 2, 110000),
(151, 'PAKET PB1 TONER B MC SUN B', 1, 305000);

--
-- Indexes for dumped tables
--

--
-- Indexes for table `barang_masuk`
--
ALTER TABLE `barang_masuk`
  ADD PRIMARY KEY (`id_masuk`),
  ADD KEY `id_produk` (`id_produk`);

--
-- Indexes for table `jenis_produk`
--
ALTER TABLE `jenis_produk`
  ADD PRIMARY KEY (`id_jenis`);

--
-- Indexes for table `produk`
--
ALTER TABLE `produk`
  ADD PRIMARY KEY (`id_produk`),
  ADD UNIQUE KEY `nama_produk` (`nama_produk`),
  ADD KEY `jenis_produk` (`jenis_produk`);

--
-- AUTO_INCREMENT for dumped tables
--

--
-- AUTO_INCREMENT for table `barang_masuk`
--
ALTER TABLE `barang_masuk`
  MODIFY `id_masuk` int(11) NOT NULL AUTO_INCREMENT, AUTO_INCREMENT=601;

--
-- AUTO_INCREMENT for table `jenis_produk`
--
ALTER TABLE `jenis_produk`
  MODIFY `id_jenis` int(11) NOT NULL AUTO_INCREMENT, AUTO_INCREMENT=3;

--
-- AUTO_INCREMENT for table `produk`
--
ALTER TABLE `produk`
  MODIFY `id_produk` int(11) NOT NULL AUTO_INCREMENT, AUTO_INCREMENT=152;

--
-- Constraints for dumped tables
--

--
-- Constraints for table `barang_masuk`
--
ALTER TABLE `barang_masuk`
  ADD CONSTRAINT `barang_masuk_ibfk_1` FOREIGN KEY (`id_produk`) REFERENCES `produk` (`id_produk`);

--
-- Constraints for table `produk`
--
ALTER TABLE `produk`
  ADD CONSTRAINT `produk_ibfk_1` FOREIGN KEY (`jenis_produk`) REFERENCES `jenis_produk` (`id_jenis`);
COMMIT;

/*!40101 SET CHARACTER_SET_CLIENT=@OLD_CHARACTER_SET_CLIENT */;
/*!40101 SET CHARACTER_SET_RESULTS=@OLD_CHARACTER_SET_RESULTS */;
/*!40101 SET COLLATION_CONNECTION=@OLD_COLLATION_CONNECTION */;
