-- phpMyAdmin SQL Dump
-- version 4.8.3
-- https://www.phpmyadmin.net/
--
-- Host: 127.0.0.1
-- Generation Time: Apr 08, 2021 at 11:00 AM
-- Server version: 10.1.36-MariaDB
-- PHP Version: 7.2.10

SET SQL_MODE = "NO_AUTO_VALUE_ON_ZERO";
SET AUTOCOMMIT = 0;
START TRANSACTION;
SET time_zone = "+00:00";


/*!40101 SET @OLD_CHARACTER_SET_CLIENT=@@CHARACTER_SET_CLIENT */;
/*!40101 SET @OLD_CHARACTER_SET_RESULTS=@@CHARACTER_SET_RESULTS */;
/*!40101 SET @OLD_COLLATION_CONNECTION=@@COLLATION_CONNECTION */;
/*!40101 SET NAMES utf8mb4 */;

--
-- Database: `peramalan`
--

-- --------------------------------------------------------

--
-- Table structure for table `barang_masuk`
--

CREATE TABLE `barang_masuk` (
  `id_masuk` int(11) NOT NULL,
  `tanggal` date NOT NULL,
  `id_produk` int(11) NOT NULL,
  `jumlah` int(11) NOT NULL
) ENGINE=InnoDB DEFAULT CHARSET=latin1;

--
-- Dumping data for table `barang_masuk`
--

INSERT INTO `barang_masuk` (`id_masuk`, `tanggal`, `id_produk`, `jumlah`) VALUES
(1, '2018-07-02', 4, 1),
(2, '2018-07-02', 5, 1),
(3, '2018-07-02', 6, 1),
(4, '2018-07-02', 7, 1),
(5, '2018-07-02', 8, 2),
(6, '2018-07-02', 9, 1),
(7, '2018-07-02', 10, 1),
(8, '2018-07-02', 11, 1),
(9, '2018-07-02', 2, 1),
(10, '2018-07-02', 12, 1),
(11, '2018-07-02', 13, 12),
(12, '2018-07-02', 2, 1),
(13, '2018-07-02', 7, 1),
(14, '2018-07-03', 10, 1),
(15, '2018-07-03', 14, 1),
(16, '2018-07-03', 2, 2),
(17, '2018-07-03', 15, 1),
(18, '2018-07-03', 1, 1),
(19, '2018-07-03', 16, 1),
(20, '2018-07-03', 9, 1),
(21, '2018-07-03', 12, 1),
(22, '2018-07-03', 17, 1),
(23, '2018-07-04', 8, 1),
(24, '2018-07-04', 18, 1),
(25, '2018-07-04', 19, 1),
(26, '2018-07-04', 20, 2),
(27, '2018-07-04', 21, 1),
(28, '2018-07-04', 22, 1),
(29, '2018-07-04', 23, 1),
(30, '2018-07-04', 24, 1),
(31, '2018-07-04', 5, 1),
(32, '2018-07-04', 25, 1),
(33, '2018-07-04', 26, 1),
(34, '2018-07-04', 27, 1),
(35, '2018-07-05', 28, 1),
(36, '2018-07-05', 29, 1),
(37, '2018-07-05', 10, 2),
(38, '2018-07-05', 8, 2),
(39, '2018-07-05', 18, 2),
(40, '2018-07-05', 12, 1),
(41, '2018-07-05', 29, 1),
(42, '2018-07-06', 30, 1),
(43, '2018-07-06', 31, 1),
(44, '2018-07-06', 32, 1),
(45, '2018-07-06', 33, 1),
(46, '2018-07-06', 34, 3),
(47, '2018-07-06', 35, 1),
(48, '2018-07-06', 10, 1),
(49, '2018-07-06', 36, 1),
(50, '2018-07-06', 37, 1),
(51, '2018-07-06', 19, 1),
(52, '2018-07-06', 38, 1),
(53, '2018-07-06', 39, 1),
(54, '2018-07-06', 40, 1),
(55, '2018-07-07', 17, 1),
(56, '2018-07-07', 39, 1),
(57, '2018-07-09', 41, 1),
(58, '2018-07-09', 1, 2),
(59, '2018-07-09', 8, 3),
(60, '2018-07-09', 10, 2),
(61, '2018-07-09', 9, 2),
(62, '2018-07-09', 22, 1),
(63, '2018-07-09', 33, 1),
(64, '2018-07-10', 42, 1),
(65, '2018-07-10', 40, 1),
(66, '2018-07-10', 43, 2),
(67, '2018-07-10', 44, 1),
(68, '2018-07-10', 21, 1),
(69, '2018-07-10', 34, 2),
(70, '2018-07-10', 45, 1),
(71, '2018-07-10', 33, 1),
(72, '2018-07-10', 16, 2),
(73, '2018-07-10', 46, 1),
(74, '2018-07-10', 10, 1),
(75, '2018-07-10', 47, 1),
(76, '2018-07-11', 48, 1),
(77, '2018-07-11', 49, 1),
(78, '2018-07-11', 14, 1),
(79, '2018-07-11', 2, 1),
(80, '2018-07-11', 8, 3),
(81, '2018-07-11', 10, 2),
(82, '2018-07-11', 9, 2),
(83, '2018-07-11', 18, 1),
(84, '2018-07-11', 50, 1),
(85, '2018-07-11', 47, 1),
(86, '2018-07-12', 51, 1),
(87, '2018-07-12', 26, 1),
(88, '2018-07-12', 18, 2),
(89, '2018-07-12', 52, 1),
(90, '2018-07-12', 8, 4),
(91, '2018-07-12', 10, 1),
(92, '2018-07-12', 53, 1),
(93, '2018-07-12', 40, 1),
(94, '2018-07-12', 54, 1),
(95, '2018-07-12', 34, 1),
(96, '2018-07-12', 55, 1),
(97, '2018-07-12', 13, 12),
(98, '2018-07-13', 52, 1),
(99, '2018-07-13', 50, 1),
(100, '2018-07-13', 3, 1),
(101, '2018-07-13', 42, 1),
(102, '2018-07-14', 20, 2),
(103, '2018-07-14', 47, 1),
(104, '2018-07-14', 56, 1),
(105, '2018-07-14', 55, 1),
(106, '2018-07-14', 10, 1),
(107, '2018-07-14', 32, 1),
(108, '2018-07-14', 31, 1),
(109, '2018-07-14', 17, 1),
(110, '2018-07-14', 47, 1),
(111, '2018-07-16', 16, 3),
(112, '2018-07-16', 18, 2),
(113, '2018-07-16', 57, 1),
(114, '2018-07-16', 46, 1),
(115, '2018-07-16', 8, 2),
(116, '2018-07-16', 10, 1),
(117, '2018-07-16', 58, 1),
(118, '2018-07-16', 3, 1),
(119, '2018-07-16', 59, 1),
(120, '2018-07-16', 60, 1),
(121, '2018-07-16', 61, 1),
(122, '2018-07-17', 62, 1),
(123, '2018-07-17', 63, 1),
(124, '2018-07-17', 33, 1),
(125, '2018-07-17', 10, 1),
(126, '2018-07-17', 1, 1),
(127, '2018-07-17', 16, 2),
(128, '2018-07-17', 34, 1),
(129, '2018-07-17', 9, 1),
(130, '2018-07-17', 8, 1),
(131, '2018-07-17', 10, 1),
(132, '2018-07-17', 30, 1),
(133, '2018-07-18', 61, 1),
(134, '2018-07-18', 64, 1),
(135, '2018-07-18', 60, 1),
(136, '2018-07-18', 9, 1),
(137, '2018-07-18', 5, 2),
(138, '2018-07-18', 65, 1),
(139, '2018-07-18', 25, 1),
(140, '2018-07-18', 33, 1),
(141, '2018-07-18', 2, 2),
(142, '2018-07-18', 60, 1),
(143, '2018-07-18', 40, 1),
(144, '2018-07-18', 57, 1),
(145, '2018-07-18', 40, 1),
(146, '2018-07-18', 66, 1),
(147, '2018-07-19', 67, 1),
(148, '2018-07-19', 1, 2),
(149, '2018-07-19', 16, 2),
(150, '2018-07-19', 8, 1),
(151, '2018-07-19', 68, 1),
(152, '2018-07-19', 34, 1),
(153, '2018-07-19', 9, 1),
(154, '2018-07-19', 68, 1),
(155, '2018-07-19', 10, 1),
(156, '2018-07-21', 69, 1),
(157, '2018-07-21', 16, 1),
(158, '2018-07-21', 70, 1),
(159, '2018-07-21', 33, 2),
(160, '2018-07-21', 9, 1),
(161, '2018-07-21', 61, 1),
(162, '2018-07-21', 18, 1),
(163, '2018-07-21', 71, 1),
(164, '2018-07-21', 10, 1),
(165, '2018-07-21', 40, 1),
(166, '2018-07-21', 67, 1),
(167, '2018-07-23', 59, 1),
(168, '2018-07-23', 72, 1),
(169, '2018-07-23', 73, 2),
(170, '2018-07-23', 74, 1),
(171, '2018-07-23', 75, 1),
(172, '2018-07-23', 9, 2),
(173, '2018-07-23', 54, 1),
(174, '2018-07-23', 55, 1),
(175, '2018-07-23', 10, 2),
(176, '2018-07-23', 76, 1),
(177, '2018-07-23', 18, 1),
(178, '2018-07-23', 65, 1),
(179, '2018-07-23', 13, 12),
(180, '2018-07-23', 61, 1),
(181, '2018-07-23', 77, 2),
(182, '2018-07-23', 78, 1),
(183, '2018-07-23', 42, 1),
(184, '2018-07-23', 79, 1),
(185, '2018-07-24', 25, 1),
(186, '2018-07-23', 80, 1),
(187, '2018-07-25', 59, 1),
(188, '2018-07-25', 3, 1),
(189, '2018-07-25', 78, 1),
(190, '2018-07-25', 73, 1),
(191, '2018-07-25', 73, 1),
(192, '2018-07-25', 19, 1),
(193, '2018-07-25', 12, 1),
(194, '2018-07-25', 67, 1),
(195, '2018-07-25', 81, 3),
(196, '2018-07-25', 82, 1),
(197, '2018-07-25', 83, 1),
(198, '2018-07-27', 5, 1),
(199, '2018-07-27', 34, 1),
(200, '2018-07-27', 80, 1),
(201, '2018-07-27', 52, 1),
(202, '2018-07-27', 38, 1),
(203, '2018-07-27', 18, 1),
(204, '2018-07-27', 16, 2),
(205, '2018-07-27', 5, 1),
(206, '2018-07-27', 10, 1),
(207, '2018-07-27', 13, 12),
(208, '2018-07-27', 84, 1),
(209, '2018-07-28', 85, 1),
(210, '2018-07-28', 34, 1),
(211, '2018-07-28', 86, 1),
(212, '2018-07-30', 16, 3),
(213, '2018-07-30', 1, 2),
(214, '2018-07-30', 9, 2),
(215, '2018-07-30', 34, 2),
(216, '2018-07-30', 54, 1),
(217, '2018-07-30', 67, 1),
(218, '2018-07-31', 87, 1),
(219, '2018-07-31', 88, 5),
(220, '2018-08-01', 34, 2),
(221, '2018-08-01', 20, 1),
(222, '2018-08-01', 16, 2),
(223, '2018-08-01', 1, 2),
(224, '2018-08-01', 22, 1),
(225, '2018-08-01', 71, 1),
(226, '2018-08-01', 48, 1),
(227, '2018-08-01', 67, 1),
(228, '2018-08-01', 23, 1),
(229, '2018-08-01', 26, 1),
(230, '2018-08-01', 9, 2),
(231, '2018-08-01', 8, 3),
(232, '2018-08-01', 89, 1),
(233, '2018-08-01', 90, 1),
(234, '2018-08-01', 45, 1),
(235, '2018-08-02', 91, 1),
(236, '2018-08-02', 6, 1),
(237, '2018-08-02', 2, 2),
(238, '2018-08-02', 16, 3),
(239, '2018-08-02', 46, 1),
(240, '2018-08-02', 5, 1),
(241, '2018-08-02', 22, 1),
(242, '2018-08-02', 6, 1),
(243, '2018-08-02', 50, 1),
(244, '2018-08-03', 9, 1),
(245, '2018-08-03', 33, 1),
(246, '2018-08-03', 92, 1),
(247, '2018-08-04', 93, 1),
(248, '2018-08-04', 91, 2),
(249, '2018-08-04', 30, 1),
(250, '2018-08-04', 9, 1),
(251, '2018-08-04', 33, 1),
(252, '2018-08-04', 33, 1),
(253, '2018-08-04', 9, 1),
(254, '2018-08-04', 88, 1),
(255, '2018-08-04', 75, 1),
(256, '2018-08-04', 1, 1),
(257, '2018-08-06', 10, 2),
(258, '2018-08-06', 35, 1),
(259, '2018-08-06', 1, 1),
(260, '2018-08-06', 9, 2),
(261, '2018-08-06', 10, 1),
(262, '2018-08-06', 16, 1),
(263, '2018-08-06', 2, 1),
(264, '2018-08-06', 34, 2),
(265, '2018-08-06', 10, 1),
(266, '2018-08-07', 75, 1),
(267, '2018-08-08', 63, 1),
(268, '2018-08-09', 42, 1),
(269, '2018-08-10', 12, 1),
(270, '2018-08-10', 8, 2),
(271, '2018-08-10', 80, 1),
(272, '2018-08-10', 94, 1),
(273, '2018-08-10', 19, 1),
(274, '2018-08-10', 37, 1),
(275, '2018-08-10', 1, 1),
(276, '2018-08-10', 16, 1),
(277, '2018-08-10', 10, 1),
(278, '2018-08-10', 26, 1),
(279, '2018-08-11', 73, 1),
(280, '2018-08-13', 42, 1),
(281, '2018-08-13', 88, 1),
(282, '2018-08-13', 69, 1),
(283, '2018-08-13', 8, 3),
(284, '2018-08-13', 18, 2),
(285, '2018-08-13', 12, 1),
(286, '2018-08-13', 1, 1),
(287, '2018-08-13', 95, 1),
(288, '2018-08-13', 61, 1),
(289, '2018-08-13', 40, 1),
(290, '2018-08-14', 96, 1),
(291, '2018-08-14', 95, 1),
(292, '2018-08-14', 97, 1),
(293, '2018-08-15', 98, 1),
(294, '2018-08-15', 52, 1),
(295, '2018-08-15', 11, 1),
(296, '2018-08-15', 68, 1),
(297, '2018-08-15', 146, 1),
(298, '2018-08-15', 9, 1),
(299, '2018-08-15', 8, 2),
(300, '2018-08-15', 18, 1),
(301, '2018-08-15', 38, 1),
(302, '2018-08-15', 47, 1),
(303, '2018-08-16', 30, 1),
(304, '2018-08-16', 21, 1),
(305, '2018-08-16', 10, 1),
(306, '2018-08-16', 146, 1),
(307, '2018-08-16', 3, 1),
(308, '2018-08-16', 37, 1),
(309, '2018-08-17', 30, 1),
(310, '2018-08-17', 16, 2),
(311, '2018-08-17', 61, 1),
(312, '2018-08-17', 33, 1),
(313, '2018-08-17', 1, 1),
(314, '2018-08-17', 20, 1),
(315, '2018-08-17', 7, 1),
(316, '2018-08-17', 95, 1),
(317, '2018-08-17', 18, 1),
(318, '2018-08-17', 47, 1),
(319, '2018-08-20', 54, 2),
(320, '2018-08-20', 2, 2),
(321, '2018-08-20', 10, 1),
(322, '2018-08-20', 8, 2),
(323, '2018-08-20', 32, 1),
(324, '2018-08-20', 16, 1),
(325, '2018-08-20', 10, 1),
(326, '2018-08-20', 8, 4),
(327, '2018-08-20', 75, 1),
(328, '2018-08-20', 12, 1),
(329, '2018-08-20', 99, 1),
(330, '2018-08-20', 6, 1),
(331, '2018-08-20', 60, 1),
(332, '2018-08-20', 47, 1),
(333, '2018-08-20', 130, 1),
(334, '2018-08-20', 6, 1),
(335, '2018-08-20', 3, 1),
(336, '2018-08-21', 64, 1),
(337, '2018-08-21', 100, 1),
(338, '2018-08-21', 94, 1),
(339, '2018-08-21', 48, 1),
(340, '2018-08-21', 12, 1),
(341, '2018-08-21', 42, 1),
(342, '2018-08-21', 1, 1),
(343, '2018-08-21', 5, 1),
(344, '2018-08-23', 59, 1),
(345, '2018-08-23', 19, 1),
(346, '2018-08-23', 16, 2),
(347, '2018-08-23', 8, 3),
(348, '2018-08-23', 1, 1),
(349, '2018-08-23', 34, 1),
(350, '2018-08-23', 9, 1),
(351, '2018-08-23', 18, 1),
(352, '2018-08-23', 40, 1),
(353, '2018-08-24', 16, 2),
(354, '2018-08-24', 68, 1),
(355, '2018-08-24', 36, 1),
(356, '2018-08-24', 7, 1),
(357, '2018-08-24', 8, 2),
(358, '2018-08-24', 2, 1),
(359, '2018-08-24', 10, 1),
(360, '2018-08-24', 60, 1),
(361, '2018-08-24', 7, 1),
(362, '2018-08-25', 12, 1),
(363, '2018-08-27', 12, 1),
(364, '2018-08-27', 36, 1),
(365, '2018-08-27', 69, 1),
(366, '2018-08-27', 16, 2),
(367, '2018-08-27', 54, 1),
(368, '2018-08-27', 18, 1),
(369, '2018-08-27', 8, 1),
(370, '2018-08-27', 1, 1),
(371, '2018-08-27', 39, 1),
(372, '2018-08-27', 81, 1),
(373, '2018-08-27', 101, 1),
(374, '2018-08-27', 99, 1),
(375, '2018-08-27', 13, 12),
(376, '2018-08-27', 70, 1),
(377, '2018-08-28', 101, 1),
(378, '2018-08-28', 102, 1),
(379, '2018-08-28', 25, 1),
(380, '2018-08-28', 103, 1),
(381, '2018-08-28', 69, 1),
(382, '2018-08-28', 2, 1),
(383, '2018-08-28', 8, 1),
(384, '2018-08-28', 61, 1),
(385, '2018-08-28', 140, 1),
(386, '2018-08-28', 107, 1),
(387, '2018-08-28', 40, 1),
(388, '2018-08-29', 56, 1),
(389, '2018-08-29', 92, 1),
(390, '2018-08-29', 4, 1),
(391, '2018-08-29', 104, 1),
(392, '2018-08-29', 94, 1),
(393, '2018-08-30', 59, 2),
(394, '2018-08-30', 73, 3),
(395, '2018-08-30', 105, 1),
(396, '2018-08-30', 12, 2),
(397, '2018-08-30', 10, 2),
(398, '2018-08-30', 24, 1),
(399, '2018-08-30', 101, 1),
(400, '2018-08-30', 7, 1),
(401, '2018-08-30', 18, 1),
(402, '2018-08-30', 106, 1),
(403, '2018-08-30', 29, 2),
(404, '2018-08-30', 83, 1),
(405, '2018-08-30', 73, 2),
(406, '2018-08-30', 74, 1),
(407, '2018-08-31', 88, 1),
(408, '2018-08-31', 104, 1),
(409, '2018-09-01', 58, 1),
(410, '2018-09-01', 88, 1),
(411, '2018-09-01', 59, 1),
(412, '2018-09-01', 40, 1),
(413, '2018-09-01', 61, 1),
(414, '2018-09-01', 57, 1),
(415, '2018-09-10', 36, 1),
(416, '2018-09-01', 140, 1),
(417, '2018-09-01', 16, 2),
(418, '2018-09-01', 1, 2),
(419, '2018-09-01', 8, 2),
(420, '2018-09-01', 18, 2),
(421, '2018-09-01', 107, 1),
(422, '2018-09-03', 42, 1),
(423, '2018-09-03', 19, 1),
(424, '2018-09-03', 22, 2),
(425, '2018-09-03', 16, 2),
(426, '2018-09-03', 108, 1),
(427, '2018-09-03', 47, 1),
(428, '2018-09-03', 25, 1),
(429, '2018-09-03', 60, 1),
(430, '2018-09-03', 47, 1),
(431, '2018-09-03', 109, 1),
(432, '2018-09-03', 147, 1),
(433, '2018-09-03', 148, 1),
(434, '2018-09-03', 34, 2),
(435, '2018-09-03', 66, 1),
(436, '2018-09-03', 24, 1),
(437, '2018-09-03', 110, 1),
(438, '2018-09-04', 12, 1),
(439, '2018-09-04', 102, 1),
(440, '2018-09-04', 18, 3),
(441, '2018-09-04', 34, 2),
(442, '2018-09-04', 8, 2),
(443, '2018-09-04', 16, 1),
(444, '2018-09-04', 54, 1),
(445, '2018-09-04', 58, 1),
(446, '2018-09-05', 3, 1),
(447, '2018-09-05', 111, 1),
(448, '2018-09-05', 8, 4),
(449, '2018-09-05', 18, 4),
(450, '2018-06-05', 61, 2),
(451, '2018-09-06', 58, 1),
(452, '2018-09-06', 47, 1),
(453, '2018-09-06', 89, 1),
(454, '2018-09-06', 84, 1),
(455, '2018-09-06', 149, 1),
(456, '2018-09-07', 112, 1),
(457, '2018-09-07', 71, 1),
(458, '2018-09-07', 112, 1),
(459, '2018-09-07', 5, 1),
(460, '2018-09-07', 106, 1),
(461, '2018-09-07', 21, 1),
(462, '2018-09-07', 25, 1),
(463, '2018-09-07', 8, 2),
(464, '2018-09-07', 18, 2),
(465, '2018-09-07', 10, 1),
(466, '2018-09-07', 47, 1),
(467, '2018-09-10', 77, 1),
(468, '2018-09-10', 48, 1),
(469, '2018-09-10', 50, 1),
(470, '2018-09-10', 91, 1),
(471, '2018-09-10', 150, 1),
(472, '2018-09-11', 148, 1),
(473, '2018-09-11', 40, 3),
(474, '2018-09-11', 28, 1),
(475, '2018-09-11', 151, 1),
(476, '2018-09-11', 6, 1),
(477, '2018-09-12', 20, 1),
(478, '2018-09-12', 106, 1),
(479, '2018-09-12', 61, 1),
(480, '2018-09-12', 113, 1),
(481, '2018-09-12', 69, 1),
(482, '2018-09-12', 57, 1),
(483, '2018-09-12', 16, 1),
(484, '2018-09-12', 18, 1),
(485, '2018-09-12', 54, 1),
(486, '2018-09-12', 22, 1),
(487, '2018-09-12', 17, 1),
(488, '2018-09-12', 42, 1),
(489, '2018-09-13', 8, 3),
(490, '2018-09-13', 9, 1),
(491, '2018-09-13', 1, 1),
(492, '2018-09-13', 32, 1),
(493, '2018-09-13', 34, 1),
(494, '2018-09-13', 61, 1),
(495, '2018-09-13', 54, 1),
(496, '2018-09-13', 10, 1),
(497, '2018-09-14', 33, 1),
(498, '2018-09-14', 113, 1),
(499, '2018-09-14', 65, 1),
(500, '2018-09-14', 10, 2),
(501, '2018-09-14', 9, 1),
(502, '2018-09-14', 25, 1),
(503, '2018-09-14', 19, 1),
(504, '2018-09-14', 66, 1),
(505, '2018-09-14', 5, 1),
(506, '2018-09-14', 4, 1),
(507, '2018-09-15', 114, 1),
(508, '2018-09-15', 115, 1),
(509, '2018-09-15', 89, 1),
(510, '2018-09-15', 116, 1),
(511, '2018-09-17', 2, 2),
(512, '2018-09-17', 28, 1),
(513, '2018-09-17', 15, 1),
(514, '2018-09-17', 117, 1),
(515, '2018-09-17', 106, 1),
(516, '2018-09-17', 10, 2),
(517, '2018-09-17', 60, 2),
(518, '2018-09-17', 118, 1),
(519, '2018-09-18', 119, 1),
(520, '2018-09-18', 12, 2),
(521, '2018-09-18', 55, 1),
(522, '2018-09-18', 1, 1),
(523, '2018-09-18', 8, 1),
(524, '2018-09-18', 9, 1),
(525, '2018-09-18', 32, 1),
(526, '2018-09-18', 120, 1),
(527, '2018-09-18', 33, 1),
(528, '2018-09-18', 5, 1),
(529, '2018-09-18', 121, 1),
(530, '2018-09-18', 91, 1),
(531, '2018-09-19', 30, 1),
(532, '2018-09-19', 40, 1),
(533, '2018-09-19', 26, 2),
(534, '2018-09-19', 8, 2),
(535, '2018-09-19', 16, 2),
(536, '2018-09-19', 1, 1),
(537, '2018-09-19', 55, 1),
(538, '2018-09-19', 12, 1),
(539, '2018-09-19', 8, 1),
(540, '2018-09-19', 122, 1),
(541, '2018-09-19', 58, 1),
(542, '2018-09-20', 123, 1),
(543, '2018-09-20', 109, 1),
(544, '2018-09-20', 15, 1),
(545, '2018-09-20', 48, 1),
(546, '2018-09-20', 123, 1),
(547, '2018-09-21', 124, 1),
(548, '2018-09-22', 59, 1),
(549, '2018-09-22', 83, 1),
(550, '2018-09-22', 16, 3),
(551, '2018-09-22', 33, 1),
(552, '2018-09-22', 54, 2),
(553, '2018-09-22', 48, 1),
(554, '2018-09-22', 69, 1),
(555, '2018-09-22', 5, 2),
(556, '2018-09-22', 114, 1),
(557, '2018-09-24', 13, 12),
(558, '2018-09-24', 111, 1),
(559, '2018-09-24', 123, 1),
(560, '2018-09-24', 131, 1),
(561, '2018-09-24', 59, 1),
(562, '2018-09-24', 108, 1),
(563, '2018-09-24', 2, 1),
(564, '2018-09-24', 15, 3),
(565, '2018-09-24', 16, 1),
(566, '2018-09-24', 1, 1),
(567, '2018-09-24', 8, 1),
(568, '2018-09-24', 18, 1),
(569, '2018-09-24', 38, 1),
(570, '2018-09-24', 42, 1),
(571, '2018-09-24', 149, 1),
(572, '2018-09-24', 58, 1),
(573, '2018-09-24', 68, 1),
(574, '2018-09-25', 83, 1),
(575, '2018-09-25', 77, 1),
(576, '2018-09-25', 67, 1),
(577, '2018-09-25', 84, 1),
(578, '2018-09-25', 92, 1),
(579, '2018-09-25', 106, 1),
(580, '2018-09-25', 10, 2),
(581, '2018-09-25', 18, 3),
(582, '2018-09-25', 54, 1),
(583, '2018-09-25', 12, 1),
(584, '2018-09-25', 47, 1),
(585, '2018-09-25', 25, 2),
(586, '2018-09-26', 42, 1),
(587, '2018-09-26', 20, 1),
(588, '2018-09-26', 125, 1),
(589, '2018-09-26', 50, 1),
(590, '2018-09-26', 127, 1),
(591, '2018-09-26', 92, 1),
(592, '2018-09-27', 44, 1),
(593, '2018-09-27', 61, 1),
(594, '2018-09-27', 5, 1),
(595, '2018-09-27', 32, 1),
(596, '2018-09-27', 10, 1),
(597, '2018-09-27', 18, 1),
(598, '2018-09-27', 16, 1),
(599, '2018-09-27', 8, 1),
(600, '2018-09-27', 9, 1),
(601, '2018-09-27', 6, 1),
(602, '2018-09-28', 152, 1),
(603, '2018-09-28', 40, 1),
(604, '2018-09-29', 54, 1),
(605, '2018-09-29', 16, 1),
(606, '2018-09-29', 40, 1),
(607, '2018-09-29', 12, 1),
(608, '2018-09-29', 71, 1),
(609, '2018-09-29', 33, 1),
(610, '2018-09-29', 3, 1),
(611, '2018-09-29', 10, 1),
(612, '2018-09-29', 16, 1),
(613, '2018-09-29', 22, 1),
(614, '2018-09-29', 89, 1),
(615, '2018-09-29', 59, 1),
(616, '2018-10-01', 77, 1),
(617, '2018-10-01', 19, 1),
(618, '2018-10-01', 61, 3),
(619, '2018-10-01', 33, 1),
(620, '2018-10-01', 5, 1),
(621, '2018-10-01', 8, 1),
(622, '2018-10-01', 18, 2),
(623, '2018-10-01', 75, 1),
(624, '2018-10-01', 10, 2),
(625, '2018-10-01', 33, 1),
(626, '2018-10-01', 18, 2),
(627, '2018-10-01', 16, 2),
(628, '2018-10-01', 8, 2),
(629, '2018-10-01', 25, 1),
(630, '2018-10-01', 12, 1),
(631, '2018-10-02', 88, 1),
(632, '2018-10-03', 59, 1),
(633, '2018-10-03', 66, 1),
(634, '2018-10-03', 12, 1),
(635, '2018-10-03', 14, 1),
(636, '2018-10-03', 16, 4),
(637, '2018-10-03', 8, 3),
(638, '2018-10-03', 18, 1),
(639, '2018-10-04', 76, 1),
(640, '2018-10-04', 2, 1),
(641, '2018-10-04', 114, 1),
(642, '2018-10-04', 153, 1),
(643, '2018-10-04', 154, 1),
(644, '2018-10-05', 155, 1),
(645, '2018-10-05', 54, 2),
(646, '2018-10-05', 49, 1),
(647, '2018-10-06', 91, 1),
(648, '2018-10-06', 156, 1),
(649, '2018-10-06', 111, 1),
(650, '2018-10-06', 34, 1),
(651, '2018-10-08', 76, 1),
(652, '2018-10-08', 26, 2),
(653, '2018-10-08', 25, 1),
(654, '2018-10-08', 38, 1),
(655, '2018-10-08', 2, 2),
(656, '2018-10-08', 1, 2),
(657, '2018-10-08', 60, 1),
(658, '2018-10-08', 40, 1),
(659, '2018-10-08', 8, 5),
(660, '2018-10-08', 9, 2),
(661, '2018-10-08', 22, 1),
(662, '2018-10-08', 157, 1),
(663, '2018-10-08', 5, 1),
(664, '2018-10-08', 88, 2),
(665, '2018-10-09', 54, 1),
(666, '2018-10-09', 40, 1),
(667, '2018-10-09', 58, 1),
(668, '2018-10-09', 32, 2),
(669, '2018-10-09', 12, 1),
(670, '2018-10-09', 9, 1),
(671, '2018-10-09', 16, 3),
(672, '2018-10-09', 18, 1),
(673, '2018-10-09', 60, 2),
(674, '2018-10-10', 48, 1),
(675, '2018-10-10', 88, 1),
(676, '2018-10-11', 25, 1),
(677, '2018-10-11', 16, 2),
(678, '2018-10-11', 1, 2),
(679, '2018-10-11', 9, 1),
(680, '2018-10-11', 75, 1),
(681, '2018-10-11', 47, 1),
(682, '2018-10-11', 34, 1),
(683, '2018-10-11', 58, 1),
(684, '2018-10-11', 40, 1),
(685, '2018-10-11', 63, 1),
(686, '2018-10-11', 102, 1),
(687, '2018-10-11', 126, 1),
(688, '2018-10-11', 35, 1),
(689, '2018-10-12', 140, 2),
(690, '2018-10-12', 7, 1),
(691, '2018-10-12', 127, 1),
(692, '2018-10-12', 12, 1),
(693, '2018-10-12', 8, 1),
(694, '2018-10-12', 99, 1),
(695, '2018-10-12', 69, 1),
(696, '2018-10-12', 16, 1),
(697, '2018-10-12', 9, 1),
(698, '2018-10-12', 153, 1),
(699, '2018-10-12', 158, 1),
(700, '2018-10-12', 2, 1),
(701, '2018-10-12', 75, 1),
(702, '2018-10-12', 101, 1),
(703, '2018-10-12', 128, 1),
(704, '2018-10-12', 119, 1),
(705, '2018-10-13', 33, 1),
(706, '2018-10-13', 62, 1),
(707, '2018-10-13', 46, 1),
(708, '2018-10-13', 150, 1),
(709, '2018-10-13', 45, 1),
(710, '2018-10-13', 114, 1),
(711, '2018-10-13', 38, 1),
(712, '2018-10-13', 58, 1),
(713, '2018-10-15', 30, 1),
(714, '2018-10-15', 16, 4),
(715, '2018-10-15', 1, 1),
(716, '2018-10-15', 33, 1),
(717, '2018-10-15', 34, 1),
(718, '2018-10-15', 8, 2),
(719, '2018-10-15', 10, 1),
(720, '2018-10-15', 14, 1),
(721, '2018-10-15', 60, 1),
(722, '2018-10-16', 61, 1),
(723, '2018-10-16', 18, 2),
(724, '2018-10-16', 55, 2),
(725, '2018-10-16', 92, 1),
(726, '2018-10-16', 1, 1),
(727, '2018-10-16', 10, 1),
(728, '2018-10-16', 7, 1),
(729, '2018-10-16', 61, 1),
(730, '2018-10-16', 38, 1),
(731, '2018-10-16', 64, 1),
(732, '2018-10-16', 143, 1),
(733, '2018-10-17', 13, 12),
(734, '2018-10-18', 50, 1),
(735, '2018-10-18', 5, 2),
(736, '2018-10-18', 8, 2),
(737, '2018-10-18', 10, 1),
(738, '2018-10-18', 54, 1),
(739, '2018-10-18', 47, 1),
(740, '2018-10-18', 24, 1),
(741, '2018-10-18', 9, 1),
(742, '2018-10-18', 58, 1),
(743, '2018-10-18', 88, 1),
(744, '2018-10-19', 94, 1),
(745, '2018-10-20', 114, 1),
(746, '2018-10-20', 50, 1),
(747, '2018-10-20', 8, 1),
(748, '2018-10-22', 130, 1),
(749, '2018-10-22', 129, 2),
(750, '2018-10-22', 71, 1),
(751, '2018-10-23', 91, 2),
(752, '2018-10-23', 47, 1),
(753, '2018-10-23', 39, 1),
(754, '2018-10-23', 54, 1),
(755, '2018-10-23', 92, 1),
(756, '2018-10-24', 16, 1),
(757, '2018-10-24', 9, 1),
(758, '2018-10-24', 10, 1),
(759, '2018-10-24', 83, 1),
(760, '2018-10-24', 16, 1),
(761, '2018-10-25', 32, 1),
(762, '2018-10-25', 7, 1),
(763, '2018-10-26', 73, 1),
(764, '2018-10-26', 8, 1),
(765, '2018-10-26', 24, 1),
(766, '2018-10-26', 29, 1),
(767, '2018-10-26', 8, 1),
(768, '2018-10-26', 36, 1),
(769, '2018-10-26', 60, 3),
(770, '2018-10-26', 104, 1),
(771, '2018-10-26', 159, 1),
(772, '2018-10-26', 60, 1),
(773, '2018-10-26', 88, 1),
(774, '2018-10-26', 23, 1),
(775, '2018-10-26', 131, 1),
(776, '2018-10-27', 10, 1),
(777, '2018-10-27', 20, 1),
(778, '2018-10-27', 16, 1),
(779, '2018-10-27', 113, 1),
(780, '2018-10-27', 10, 2),
(781, '2018-10-27', 8, 2),
(782, '2018-10-27', 18, 2),
(783, '2018-10-27', 60, 1),
(784, '2018-10-27', 132, 1),
(785, '2018-10-29', 124, 1),
(786, '2018-10-29', 9, 1),
(787, '2018-10-29', 18, 2),
(788, '2018-10-29', 8, 2),
(789, '2018-10-29', 16, 2),
(790, '2018-10-29', 2, 1),
(791, '2018-10-29', 1, 1),
(792, '2018-10-29', 6, 1),
(793, '2018-10-29', 89, 1),
(794, '2018-10-29', 42, 1),
(795, '2018-10-30', 54, 1),
(796, '2018-10-30', 133, 1),
(797, '2018-10-30', 16, 1),
(798, '2018-10-30', 120, 3),
(799, '2018-10-30', 47, 1),
(800, '2018-10-30', 8, 1),
(801, '2018-10-30', 18, 1),
(802, '2018-10-30', 120, 1),
(803, '2018-10-30', 42, 1),
(804, '2018-10-30', 114, 1),
(805, '2018-10-30', 88, 1),
(806, '2018-10-30', 129, 2),
(807, '2018-10-30', 36, 1),
(808, '2018-10-30', 114, 1),
(809, '2018-10-30', 10, 1),
(810, '2018-10-30', 8, 2),
(811, '2018-10-30', 18, 2),
(812, '2018-10-30', 60, 1),
(813, '2018-10-30', 1, 1),
(814, '2018-10-30', 133, 1),
(815, '2018-10-30', 69, 1),
(816, '2018-10-30', 60, 1),
(817, '2018-10-30', 12, 1),
(818, '2018-10-30', 71, 1),
(819, '2018-10-30', 114, 1),
(820, '2018-10-30', 134, 1),
(821, '2018-10-31', 114, 1),
(822, '2018-10-31', 42, 1),
(823, '2018-10-31', 113, 1),
(824, '2018-10-31', 47, 1),
(825, '2018-10-31', 63, 1),
(826, '2018-10-31', 134, 1),
(827, '2018-10-31', 91, 1),
(828, '2018-11-01', 63, 1),
(829, '2018-11-01', 135, 1),
(830, '2018-11-01', 130, 1),
(831, '2018-11-02', 34, 1),
(832, '2018-11-02', 60, 1),
(833, '2018-11-02', 6, 1),
(834, '2018-11-02', 92, 1),
(835, '2018-11-02', 45, 1),
(836, '2018-11-02', 133, 1),
(837, '2018-11-03', 1, 1),
(838, '2018-11-03', 10, 1),
(839, '2018-11-03', 34, 1),
(840, '2018-11-03', 1, 1),
(841, '2018-11-03', 77, 1),
(842, '2018-11-03', 10, 1),
(843, '2018-11-03', 136, 1),
(844, '2018-11-05', 2, 1),
(845, '2018-11-05', 10, 1),
(846, '2018-11-05', 80, 1),
(847, '2018-11-05', 114, 1),
(848, '2018-11-05', 78, 1),
(849, '2018-11-05', 88, 1),
(850, '2018-11-05', 114, 2),
(851, '2018-11-06', 40, 1),
(852, '2018-11-06', 135, 1),
(853, '2018-11-06', 131, 1),
(854, '2018-11-06', 40, 1),
(855, '2018-11-06', 85, 1),
(856, '2018-11-06', 160, 1),
(857, '2018-11-06', 56, 1),
(858, '2018-11-06', 88, 1),
(859, '2018-11-06', 52, 1),
(860, '2018-11-06', 114, 1),
(861, '2018-11-06', 12, 1),
(862, '2018-11-06', 46, 1),
(863, '2018-11-06', 41, 1),
(864, '2018-11-06', 31, 1),
(865, '2018-11-06', 106, 3),
(866, '2018-11-07', 6, 1),
(867, '2018-11-07', 5, 1),
(868, '2018-11-07', 5, 1),
(869, '2018-11-07', 73, 1),
(870, '2018-11-07', 10, 1),
(871, '2018-11-07', 22, 1),
(872, '2018-11-08', 20, 1),
(873, '2018-11-08', 83, 1),
(874, '2018-11-08', 55, 1),
(875, '2018-11-08', 26, 1),
(876, '2018-11-08', 58, 1),
(877, '2018-11-08', 23, 1),
(878, '2018-11-08', 58, 1),
(879, '2018-11-09', 133, 1),
(880, '2018-11-09', 137, 1),
(881, '2018-11-09', 120, 1),
(882, '2018-11-09', 16, 1),
(883, '2018-11-09', 29, 1),
(884, '2018-11-09', 136, 1),
(885, '2018-11-09', 133, 1),
(886, '2018-11-10', 32, 1),
(887, '2018-11-10', 20, 1),
(888, '2018-11-10', 61, 2),
(889, '2018-11-10', 138, 1),
(890, '2018-11-10', 59, 1),
(891, '2018-11-10', 133, 1),
(892, '2018-11-10', 40, 1),
(893, '2018-11-10', 138, 1),
(894, '2018-11-10', 77, 1),
(895, '2018-11-10', 34, 1),
(896, '2018-11-10', 63, 1),
(897, '2018-11-10', 2, 1),
(898, '2018-11-10', 113, 1),
(899, '2018-11-10', 133, 2),
(900, '2018-11-10', 10, 1),
(901, '2018-11-10', 33, 1),
(902, '2018-11-10', 161, 1),
(903, '2018-11-12', 139, 1),
(904, '2018-11-12', 10, 2),
(905, '2018-11-12', 136, 2),
(906, '2018-11-12', 113, 1),
(907, '2018-11-12', 19, 1),
(908, '2018-11-12', 6, 1),
(909, '2018-11-12', 47, 1),
(910, '2018-11-12', 162, 2),
(911, '2018-11-12', 50, 1),
(912, '2018-11-12', 12, 1),
(913, '2018-11-12', 77, 1),
(914, '2018-11-12', 8, 1),
(915, '2018-11-12', 18, 1),
(916, '2018-11-12', 6, 1),
(917, '2018-11-13', 8, 2),
(918, '2018-11-13', 32, 1),
(919, '2018-11-13', 133, 2),
(920, '2018-11-13', 161, 1),
(921, '2018-11-13', 40, 1),
(922, '2018-11-13', 40, 1),
(923, '2018-11-13', 66, 1),
(924, '2018-11-13', 140, 1),
(925, '2018-11-13', 10, 1),
(926, '2018-11-13', 133, 2),
(927, '2018-11-13', 140, 1),
(928, '2018-11-13', 141, 1),
(929, '2018-11-13', 117, 1),
(930, '2018-11-13', 63, 1),
(931, '2018-11-13', 150, 1),
(932, '2018-11-15', 73, 2),
(933, '2018-11-15', 59, 1),
(934, '2018-11-15', 116, 2),
(935, '2018-11-15', 127, 1),
(936, '2018-11-15', 62, 1),
(937, '2018-11-15', 64, 1),
(938, '2018-11-15', 32, 2),
(939, '2018-11-15', 12, 2),
(940, '2018-11-15', 34, 2),
(941, '2018-11-15', 129, 1),
(942, '2018-11-15', 17, 1),
(943, '2018-11-15', 163, 1),
(944, '2018-11-15', 23, 1),
(945, '2018-11-15', 50, 1),
(946, '2018-11-15', 60, 1),
(947, '2018-11-16', 34, 1),
(948, '2018-11-16', 10, 1),
(949, '2018-11-16', 1, 1),
(950, '2018-11-16', 59, 1),
(951, '2018-11-16', 1, 1),
(952, '2018-11-16', 161, 1),
(953, '2018-11-16', 77, 1),
(954, '2018-11-16', 10, 1),
(955, '2018-11-16', 73, 1),
(956, '2018-11-16', 162, 1),
(957, '2018-11-16', 161, 1),
(958, '2018-11-17', 138, 1),
(959, '2018-11-17', 40, 1),
(960, '2018-11-17', 30, 1),
(961, '2018-11-17', 114, 1),
(962, '2018-11-19', 12, 1),
(963, '2018-11-19', 61, 1),
(964, '2018-11-19', 56, 1),
(965, '2018-11-19', 16, 1),
(966, '2018-11-20', 7, 1),
(967, '2018-11-20', 60, 1),
(968, '2018-11-20', 60, 1),
(969, '2018-11-20', 32, 1),
(970, '2018-11-20', 5, 1),
(971, '2018-11-21', 54, 1),
(972, '2018-11-21', 47, 1),
(973, '2018-11-21', 1, 1),
(974, '2018-11-21', 34, 1),
(975, '2018-11-21', 10, 1),
(976, '2018-11-21', 5, 1),
(977, '2018-11-21', 133, 3),
(978, '2018-11-22', 127, 1),
(979, '2018-11-22', 13, 5),
(980, '2018-11-22', 61, 1),
(981, '2018-11-22', 10, 1),
(982, '2018-11-22', 20, 1),
(983, '2018-11-22', 58, 1),
(984, '2018-11-22', 16, 1),
(985, '2018-11-22', 6, 1),
(986, '2018-11-22', 69, 1),
(987, '2018-11-23', 2, 1),
(988, '2018-11-23', 16, 1),
(989, '2018-11-23', 83, 1),
(990, '2018-11-24', 73, 1),
(991, '2018-11-24', 77, 1),
(992, '2018-11-26', 59, 1),
(993, '2018-11-26', 154, 1),
(994, '2018-11-26', 114, 1),
(995, '2018-11-26', 138, 1),
(996, '2018-11-26', 16, 1),
(997, '2018-11-26', 55, 1),
(998, '2018-11-27', 7, 2),
(999, '2018-11-27', 8, 1),
(1000, '2018-11-27', 58, 1),
(1001, '2018-11-28', 114, 1),
(1002, '2018-11-28', 3, 1),
(1003, '2018-11-28', 89, 1),
(1004, '2018-11-28', 9, 1),
(1005, '2018-11-28', 133, 1),
(1006, '2018-11-28', 69, 1),
(1007, '2018-11-28', 36, 1),
(1008, '2018-11-28', 40, 1),
(1009, '2018-11-28', 140, 1),
(1010, '2018-11-28', 16, 1),
(1011, '2018-11-28', 146, 1),
(1012, '2018-11-28', 88, 1),
(1013, '2018-11-28', 96, 1),
(1014, '2018-11-28', 41, 1),
(1015, '2018-11-29', 10, 1),
(1016, '2018-11-29', 164, 3),
(1017, '2018-11-29', 16, 2),
(1018, '2018-11-29', 1, 2),
(1019, '2018-11-29', 140, 1),
(1020, '2018-11-29', 10, 3),
(1021, '2018-11-29', 5, 1),
(1022, '2018-11-29', 6, 1),
(1023, '2018-11-29', 56, 1),
(1024, '2018-11-29', 133, 1),
(1025, '2018-11-29', 8, 1),
(1026, '2018-11-29', 133, 1),
(1027, '2018-11-29', 69, 1),
(1028, '2018-11-30', 101, 1),
(1029, '2018-11-30', 5, 1),
(1030, '2018-11-30', 24, 1),
(1031, '2018-12-01', 8, 1),
(1032, '2018-12-01', 19, 1),
(1033, '2018-12-01', 142, 1),
(1034, '2018-12-01', 133, 1),
(1035, '2018-12-01', 20, 2),
(1036, '2018-12-01', 158, 1),
(1037, '2018-12-01', 71, 1),
(1038, '2018-12-01', 52, 1),
(1039, '2018-12-03', 60, 1),
(1040, '2018-12-03', 136, 1),
(1041, '2018-12-03', 18, 1),
(1042, '2018-12-03', 54, 1),
(1043, '2018-12-03', 2, 1),
(1044, '2018-12-03', 114, 1),
(1045, '2018-12-03', 133, 1),
(1046, '2018-12-03', 40, 1),
(1047, '2018-12-03', 69, 1),
(1048, '2018-12-03', 161, 1),
(1049, '2018-12-03', 165, 1),
(1050, '2018-12-03', 8, 1),
(1051, '2018-12-03', 18, 1),
(1052, '2018-12-04', 1, 1),
(1053, '2018-12-04', 64, 1),
(1054, '2018-12-04', 143, 1),
(1055, '2018-12-04', 114, 1),
(1056, '2018-12-05', 144, 1),
(1057, '2018-12-06', 20, 1),
(1058, '2018-12-06', 136, 1),
(1059, '2018-12-06', 8, 1),
(1060, '2018-12-06', 150, 1),
(1061, '2018-12-06', 8, 1),
(1062, '2018-12-07', 8, 1),
(1063, '2018-12-07', 10, 1),
(1064, '2018-12-07', 7, 1),
(1065, '2018-12-07', 136, 1),
(1066, '2018-12-07', 7, 1),
(1067, '2018-12-07', 16, 1),
(1068, '2018-12-07', 77, 1),
(1069, '2018-12-07', 145, 1),
(1070, '2018-12-07', 60, 1),
(1071, '2018-12-07', 32, 1),
(1072, '2018-12-08', 54, 1),
(1073, '2018-12-08', 23, 1),
(1074, '2018-12-08', 133, 2),
(1075, '2018-12-08', 107, 1),
(1076, '2018-12-08', 113, 1),
(1077, '2018-12-10', 114, 5),
(1078, '2018-12-10', 66, 2),
(1079, '2018-12-10', 113, 1),
(1080, '2018-12-10', 54, 5),
(1081, '2018-12-10', 138, 1),
(1082, '2018-12-10', 2, 1),
(1083, '2018-12-10', 77, 3),
(1084, '2018-12-10', 3, 3),
(1085, '2018-12-10', 59, 5),
(1086, '2018-12-10', 166, 3),
(1087, '2018-12-10', 62, 2),
(1088, '2018-12-10', 42, 1),
(1089, '2018-12-10', 133, 10),
(1090, '2018-12-10', 16, 10),
(1091, '2018-12-10', 136, 5),
(1092, '2018-12-10', 1, 5),
(1093, '2018-12-10', 40, 10),
(1094, '2018-12-10', 55, 2),
(1095, '2018-12-10', 24, 2),
(1096, '2018-12-10', 61, 2),
(1097, '2018-12-10', 42, 5),
(1098, '2018-12-10', 77, 6),
(1099, '2018-12-10', 167, 3),
(1100, '2018-12-10', 168, 3),
(1101, '2018-12-10', 162, 2),
(1102, '2018-12-10', 61, 2),
(1103, '2018-12-10', 67, 1),
(1104, '2018-12-10', 40, 4),
(1105, '2018-12-10', 49, 2),
(1106, '2018-12-10', 114, 1),
(1107, '2018-12-10', 133, 1),
(1108, '2018-12-10', 55, 2),
(1109, '2018-12-10', 107, 1),
(1110, '2018-12-10', 69, 1),
(1111, '2018-12-10', 62, 1),
(1112, '2018-12-10', 34, 1),
(1113, '2018-12-10', 69, 1),
(1114, '2018-12-10', 49, 1),
(1115, '2018-12-10', 169, 1),
(1116, '2018-12-10', 54, 2),
(1117, '2018-12-10', 32, 1),
(1118, '2018-12-11', 24, 1),
(1119, '2018-12-11', 26, 1),
(1120, '2018-12-11', 71, 1),
(1121, '2018-12-11', 89, 1),
(1122, '2018-12-11', 117, 1),
(1123, '2018-12-11', 142, 1),
(1124, '2018-12-11', 64, 1),
(1125, '2018-12-11', 26, 3),
(1126, '2018-12-11', 26, 1),
(1127, '2018-12-11', 24, 1),
(1128, '2018-12-11', 29, 1),
(1129, '2018-12-11', 52, 1),
(1130, '2018-12-11', 6, 1),
(1131, '2018-12-11', 170, 1),
(1132, '2018-12-11', 36, 1),
(1133, '2018-12-12', 104, 1),
(1134, '2018-12-12', 171, 1),
(1135, '2018-12-12', 133, 10),
(1136, '2018-12-12', 3, 3),
(1137, '2018-12-12', 77, 2),
(1138, '2018-12-12', 20, 2),
(1139, '2018-12-12', 42, 3),
(1140, '2018-12-12', 12, 3),
(1141, '2018-12-12', 169, 1),
(1142, '2018-12-12', 143, 1),
(1143, '2018-12-12', 17, 2),
(1144, '2018-12-12', 29, 2),
(1145, '2018-12-12', 52, 1),
(1146, '2018-12-12', 171, 1),
(1147, '2018-12-12', 62, 1),
(1148, '2018-12-12', 23, 2),
(1149, '2018-12-12', 29, 3),
(1150, '2018-12-12', 34, 1),
(1151, '2018-12-12', 165, 1),
(1152, '2018-12-12', 138, 1),
(1153, '2018-12-12', 9, 5),
(1154, '2018-12-12', 61, 1),
(1155, '2018-12-13', 89, 2),
(1156, '2018-12-13', 4, 3),
(1157, '2018-12-13', 74, 2),
(1158, '2018-12-13', 71, 1),
(1159, '2018-12-13', 69, 2),
(1160, '2018-12-13', 117, 1),
(1161, '2018-12-13', 113, 1),
(1162, '2018-12-13', 26, 2),
(1163, '2018-12-13', 88, 5),
(1164, '2018-12-13', 39, 1),
(1165, '2018-12-13', 61, 2),
(1166, '2018-12-13', 63, 1),
(1167, '2018-12-13', 22, 2),
(1168, '2018-12-13', 34, 1),
(1169, '2018-12-13', 74, 3),
(1170, '2018-12-13', 62, 1),
(1171, '2018-12-13', 49, 1),
(1172, '2018-12-13', 67, 1),
(1173, '2018-12-13', 36, 1),
(1174, '2018-12-15', 113, 1),
(1175, '2018-12-15', 57, 1),
(1176, '2018-12-15', 9, 5),
(1177, '2018-12-15', 172, 2),
(1178, '2018-12-15', 150, 2),
(1179, '2018-12-15', 173, 2),
(1180, '2018-12-15', 75, 1),
(1181, '2018-12-15', 133, 1),
(1182, '2018-12-15', 146, 1),
(1183, '2018-12-15', 1, 1),
(1184, '2018-12-15', 23, 1),
(1185, '2018-12-15', 26, 1),
(1186, '2018-12-15', 101, 1),
(1187, '2018-12-15', 9, 10),
(1188, '2018-12-15', 65, 3),
(1189, '2018-12-15', 14, 1),
(1190, '2018-12-15', 173, 1),
(1191, '2018-12-15', 57, 1),
(1192, '2018-12-15', 26, 2),
(1193, '2018-12-15', 23, 1),
(1194, '2018-12-15', 12, 1),
(1195, '2018-12-15', 2, 2),
(1196, '2018-12-15', 32, 1),
(1197, '2018-12-15', 60, 1),
(1198, '2018-12-15', 142, 1),
(1199, '2018-12-18', 42, 3),
(1200, '2018-12-18', 171, 1),
(1201, '2018-12-18', 88, 1),
(1202, '2018-12-18', 165, 1),
(1203, '2018-12-18', 19, 1),
(1204, '2018-12-18', 133, 1),
(1205, '2018-12-18', 89, 1),
(1206, '2018-12-18', 174, 1),
(1207, '2018-12-18', 25, 1),
(1208, '2018-12-18', 16, 2),
(1209, '2018-12-18', 73, 1),
(1210, '2018-12-18', 34, 1),
(1211, '2018-12-18', 9, 1),
(1212, '2018-12-18', 48, 1),
(1213, '2018-12-18', 75, 1),
(1214, '2018-12-18', 16, 2),
(1215, '2018-12-18', 32, 1),
(1216, '2018-12-18', 169, 1),
(1217, '2018-12-18', 40, 2),
(1218, '2018-12-18', 49, 2),
(1219, '2018-12-18', 10, 2),
(1220, '2018-12-18', 20, 1),
(1221, '2018-12-18', 14, 1),
(1222, '2018-12-18', 161, 1),
(1223, '2018-12-18', 34, 1),
(1224, '2018-12-18', 24, 1),
(1225, '2018-12-18', 107, 1),
(1226, '2018-12-18', 140, 1),
(1227, '2018-12-18', 52, 1),
(1228, '2018-12-18', 7, 2),
(1229, '2018-12-18', 60, 3),
(1230, '2018-12-18', 16, 2),
(1231, '2018-12-20', 174, 1),
(1232, '2018-12-20', 123, 1),
(1233, '2018-12-20', 140, 1),
(1234, '2018-12-20', 19, 1),
(1235, '2018-12-20', 92, 1),
(1236, '2018-12-20', 10, 1),
(1237, '2018-12-20', 44, 1),
(1238, '2018-12-20', 52, 1),
(1239, '2018-12-20', 114, 1),
(1240, '2018-12-20', 140, 1),
(1241, '2018-12-20', 107, 1),
(1242, '2018-12-20', 175, 1),
(1243, '2018-12-20', 42, 1),
(1244, '2018-12-20', 68, 1),
(1245, '2018-12-20', 29, 3),
(1246, '2018-12-21', 9, 7),
(1247, '2018-12-21', 167, 1),
(1248, '2018-12-21', 176, 1),
(1249, '2018-12-21', 2, 1),
(1250, '2018-12-21', 173, 1),
(1251, '2018-12-21', 122, 1),
(1252, '2018-12-21', 161, 1),
(1253, '2018-12-21', 130, 1),
(1254, '2018-12-21', 40, 2),
(1255, '2018-12-21', 42, 1),
(1256, '2018-12-21', 73, 2),
(1257, '2018-12-21', 162, 1),
(1258, '2018-12-21', 167, 2),
(1259, '2018-12-21', 177, 1),
(1260, '2018-12-21', 94, 1),
(1261, '2018-12-21', 162, 1),
(1262, '2018-12-21', 68, 1),
(1263, '2018-12-21', 161, 1),
(1264, '2018-12-21', 162, 1),
(1265, '2018-12-21', 61, 1),
(1266, '2018-12-21', 19, 2),
(1267, '2018-12-21', 69, 1),
(1268, '2018-12-21', 8, 1),
(1269, '2018-12-26', 10, 1),
(1270, '2018-12-26', 69, 1),
(1271, '2018-12-26', 9, 1),
(1272, '2018-12-26', 17, 1),
(1273, '2018-12-26', 88, 1),
(1274, '2018-12-26', 101, 1),
(1275, '2018-12-26', 55, 1),
(1276, '2018-12-26', 75, 1),
(1277, '2018-12-26', 130, 1),
(1278, '2018-12-26', 31, 1),
(1279, '2018-12-26', 9, 10),
(1280, '2018-12-26', 16, 3),
(1281, '2018-12-26', 168, 2),
(1282, '2018-12-26', 133, 1),
(1283, '2018-12-26', 73, 1),
(1284, '2018-12-26', 165, 1),
(1285, '2018-12-26', 36, 1),
(1286, '2018-12-26', 42, 1),
(1287, '2018-12-26', 24, 1),
(1288, '2018-12-26', 71, 1),
(1289, '2018-12-26', 162, 2),
(1290, '2018-12-26', 161, 2),
(1291, '2018-12-26', 89, 1),
(1292, '2018-12-26', 40, 2),
(1293, '2018-12-26', 75, 1),
(1294, '2018-12-26', 28, 1),
(1295, '2018-12-26', 165, 2),
(1296, '2018-12-26', 34, 1),
(1297, '2018-12-26', 16, 2),
(1298, '2018-12-29', 73, 2),
(1299, '2018-12-29', 42, 2),
(1300, '2018-12-29', 133, 3),
(1301, '2018-12-29', 16, 1),
(1302, '2018-12-29', 4, 1),
(1303, '2018-12-29', 16, 3),
(1304, '2018-12-29', 114, 1),
(1305, '2018-12-29', 70, 1),
(1306, '2018-12-29', 7, 3),
(1307, '2018-12-29', 12, 1),
(1308, '2018-12-29', 58, 2),
(1309, '2018-12-29', 178, 1),
(1310, '2018-12-29', 12, 1),
(1311, '2018-12-29', 9, 5),
(1312, '2018-12-29', 172, 1),
(1313, '2018-12-29', 127, 2),
(1314, '2019-01-05', 151, 1),
(1315, '2019-01-05', 134, 1),
(1316, '2019-01-05', 42, 2),
(1317, '2019-01-05', 127, 2),
(1318, '2019-01-05', 88, 2),
(1319, '2019-01-05', 61, 2),
(1320, '2019-01-05', 48, 1),
(1321, '2019-01-05', 54, 2),
(1322, '2019-01-05', 149, 1),
(1323, '2019-01-05', 153, 1),
(1324, '2019-01-05', 73, 2),
(1325, '2019-01-05', 96, 1),
(1326, '2019-01-05', 37, 1),
(1327, '2019-01-05', 12, 2),
(1328, '2019-01-05', 133, 5),
(1329, '2019-01-05', 114, 1),
(1330, '2019-01-05', 26, 1),
(1331, '2019-01-05', 179, 1),
(1332, '2019-01-05', 73, 1),
(1333, '2019-01-05', 127, 2),
(1334, '2019-01-05', 162, 2),
(1335, '2019-01-05', 141, 1),
(1336, '2019-01-07', 71, 1),
(1337, '2019-01-07', 16, 1),
(1338, '2019-01-07', 180, 1),
(1339, '2019-01-07', 64, 1),
(1340, '2019-01-07', 181, 1),
(1341, '2019-01-07', 3, 1),
(1342, '2019-01-07', 78, 1),
(1343, '2019-01-07', 167, 1),
(1344, '2019-01-07', 174, 1),
(1345, '2019-01-07', 5, 2),
(1346, '2019-01-07', 71, 1),
(1347, '2019-01-07', 70, 1),
(1348, '2019-01-07', 161, 1),
(1349, '2019-01-07', 80, 2),
(1350, '2019-01-07', 18, 1),
(1351, '2019-01-07', 142, 1),
(1352, '2019-01-07', 133, 1),
(1353, '2019-01-07', 9, 30),
(1354, '2019-01-07', 133, 2),
(1355, '2019-01-07', 20, 2),
(1356, '2019-01-07', 69, 1),
(1357, '2019-01-07', 8, 1),
(1358, '2019-01-07', 49, 1),
(1359, '2019-01-07', 114, 1),
(1360, '2019-01-07', 54, 1),
(1361, '2019-01-07', 16, 1),
(1362, '2019-01-07', 102, 1),
(1363, '2019-01-07', 75, 1),
(1364, '2019-01-07', 34, 1),
(1365, '2019-01-07', 16, 1),
(1366, '2019-01-07', 18, 1),
(1367, '2019-01-07', 30, 1),
(1368, '2019-01-07', 62, 1),
(1369, '2019-01-07', 182, 1),
(1370, '2019-01-09', 22, 1),
(1371, '2019-01-09', 172, 2),
(1372, '2019-01-09', 73, 4),
(1373, '2019-01-09', 183, 1),
(1374, '2019-01-09', 141, 2),
(1375, '2019-01-09', 184, 2),
(1376, '2019-01-09', 4, 1),
(1377, '2019-01-09', 24, 1),
(1378, '2019-01-09', 133, 5),
(1379, '2019-01-09', 102, 1),
(1380, '2019-01-09', 80, 2),
(1381, '2019-01-09', 34, 1),
(1382, '2019-01-09', 147, 2),
(1383, '2019-01-09', 89, 1),
(1384, '2019-01-09', 88, 2),
(1385, '2019-01-09', 113, 1),
(1386, '2019-01-09', 12, 1),
(1387, '2019-01-09', 61, 1),
(1388, '2019-01-09', 42, 1),
(1389, '2019-01-09', 30, 1),
(1390, '2019-01-11', 185, 1),
(1391, '2019-01-11', 113, 1),
(1392, '2019-01-11', 105, 1),
(1393, '2019-01-11', 177, 1),
(1394, '2019-01-11', 186, 1),
(1395, '2019-01-11', 69, 1),
(1396, '2019-01-11', 187, 1),
(1397, '2019-01-11', 85, 1),
(1398, '2019-01-11', 150, 2),
(1399, '2019-01-11', 88, 5),
(1400, '2019-01-11', 61, 2),
(1401, '2019-01-11', 138, 1),
(1402, '2019-01-11', 62, 1),
(1403, '2019-01-11', 188, 2),
(1404, '2019-01-11', 34, 2),
(1405, '2019-01-11', 40, 3),
(1406, '2019-01-11', 60, 1),
(1407, '2019-01-11', 74, 1),
(1408, '2019-01-11', 189, 1),
(1409, '2019-01-11', 161, 2),
(1410, '2019-01-11', 5, 1),
(1411, '2019-01-11', 162, 1),
(1412, '2019-01-11', 133, 2),
(1413, '2019-01-11', 20, 1),
(1414, '2019-01-11', 113, 1),
(1415, '2019-01-11', 55, 1),
(1416, '2019-01-11', 62, 1),
(1417, '2019-01-11', 9, 10),
(1418, '2019-01-14', 42, 1),
(1419, '2019-01-14', 88, 2),
(1420, '2019-01-14', 133, 1),
(1421, '2019-01-14', 1, 1),
(1422, '2019-01-14', 89, 1),
(1423, '2019-01-14', 80, 1),
(1424, '2019-01-14', 169, 1),
(1425, '2019-01-14', 150, 1),
(1426, '2019-01-14', 190, 1),
(1427, '2019-01-14', 105, 2),
(1428, '2019-01-14', 69, 2),
(1429, '2019-01-14', 42, 3),
(1430, '2019-01-14', 54, 2),
(1431, '2019-01-14', 66, 2),
(1432, '2019-01-14', 23, 2),
(1433, '2019-01-14', 191, 1),
(1434, '2019-01-14', 65, 2),
(1435, '2019-01-14', 24, 1),
(1436, '2019-01-14', 40, 1),
(1437, '2019-01-14', 192, 1),
(1438, '2019-01-14', 7, 1),
(1439, '2019-01-14', 54, 2),
(1440, '2019-01-14', 172, 1),
(1441, '2019-01-14', 12, 1),
(1442, '2019-01-17', 24, 2),
(1443, '2019-01-17', 1, 5),
(1444, '2019-01-17', 16, 5),
(1445, '2019-01-17', 8, 7),
(1446, '2019-01-17', 18, 5),
(1447, '2019-01-17', 34, 2),
(1448, '2019-01-17', 59, 1),
(1449, '2019-01-17', 73, 1),
(1450, '2019-01-17', 23, 1),
(1451, '2019-01-17', 7, 1),
(1452, '2019-01-17', 54, 2),
(1453, '2019-01-17', 3, 1),
(1454, '2019-01-17', 76, 2),
(1455, '2019-01-17', 191, 1),
(1456, '2019-01-17', 113, 1),
(1457, '2019-01-17', 3, 1),
(1458, '2019-01-17', 133, 1),
(1459, '2019-01-17', 2, 1),
(1460, '2019-01-18', 3, 1),
(1461, '2019-01-18', 77, 1),
(1462, '2019-01-18', 105, 2),
(1463, '2019-01-18', 70, 1),
(1464, '2019-01-18', 193, 1),
(1465, '2019-01-18', 2, 2),
(1466, '2019-01-18', 114, 1),
(1467, '2019-01-18', 146, 1),
(1468, '2019-01-18', 158, 1),
(1469, '2019-01-18', 77, 1),
(1470, '2019-01-18', 34, 2),
(1471, '2019-01-18', 9, 2),
(1472, '2019-01-18', 66, 1),
(1473, '2019-01-18', 55, 1),
(1474, '2019-01-18', 94, 1),
(1475, '2019-01-18', 131, 2),
(1476, '2019-01-18', 162, 2),
(1477, '2019-01-18', 20, 2),
(1478, '2019-01-18', 133, 2),
(1479, '2019-01-18', 108, 2),
(1480, '2019-01-18', 26, 1),
(1481, '2019-01-18', 125, 1),
(1482, '2019-01-18', 55, 1),
(1483, '2019-01-18', 61, 1),
(1484, '2019-01-21', 32, 1),
(1485, '2019-01-21', 102, 1),
(1486, '2019-01-21', 23, 1),
(1487, '2019-01-21', 194, 2),
(1488, '2019-01-21', 105, 1),
(1489, '2019-01-21', 65, 1),
(1490, '2019-01-21', 77, 1),
(1491, '2019-01-21', 59, 1),
(1492, '2019-01-21', 195, 1),
(1493, '2019-01-21', 77, 1),
(1494, '2019-01-21', 146, 1),
(1495, '2019-01-21', 196, 1),
(1496, '2019-01-21', 9, 10),
(1497, '2019-01-21', 16, 1),
(1498, '2019-01-21', 133, 1),
(1499, '2019-01-21', 7, 1),
(1500, '2019-01-21', 102, 1),
(1501, '2019-01-21', 69, 1),
(1502, '2019-01-21', 68, 1),
(1503, '2019-01-21', 133, 1),
(1504, '2019-01-21', 23, 1),
(1505, '2019-01-21', 8, 2),
(1506, '2019-01-21', 158, 1),
(1507, '2019-01-21', 136, 1),
(1508, '2019-01-24', 9, 20),
(1509, '2019-01-24', 76, 1),
(1510, '2019-01-24', 8, 1),
(1511, '2019-01-24', 16, 1),
(1512, '2019-01-24', 69, 1),
(1513, '2019-01-24', 133, 5),
(1514, '2019-01-24', 195, 1),
(1515, '2019-01-24', 77, 1),
(1516, '2019-01-24', 23, 2),
(1517, '2019-01-24', 40, 2),
(1518, '2019-01-24', 187, 1),
(1519, '2019-01-24', 77, 1),
(1520, '2019-01-24', 69, 1),
(1521, '2019-01-24', 113, 1),
(1522, '2019-01-24', 125, 1),
(1523, '2019-01-24', 85, 1),
(1524, '2019-01-24', 61, 1),
(1525, '2019-01-26', 164, 1),
(1526, '2019-01-26', 40, 1),
(1527, '2019-01-26', 49, 1),
(1528, '2019-01-26', 48, 1),
(1529, '2019-01-26', 15, 1),
(1530, '2019-01-26', 187, 1),
(1531, '2019-01-26', 167, 1),
(1532, '2019-01-26', 92, 1),
(1533, '2019-01-26', 2, 1),
(1534, '2019-01-26', 42, 1),
(1535, '2019-01-26', 96, 1),
(1536, '2019-01-26', 26, 1),
(1537, '2019-01-26', 92, 1),
(1538, '2019-01-26', 55, 1),
(1539, '2019-01-26', 8, 5),
(1540, '2019-01-26', 62, 1),
(1541, '2019-01-26', 16, 3),
(1542, '2019-01-26', 30, 1),
(1543, '2019-01-26', 34, 2),
(1544, '2019-01-26', 76, 1),
(1545, '2019-01-26', 9, 10),
(1546, '2019-01-26', 54, 1),
(1547, '2019-01-28', 16, 3),
(1548, '2019-01-28', 54, 1),
(1549, '2019-01-28', 55, 2),
(1550, '2019-01-28', 77, 1),
(1551, '2019-01-28', 117, 1),
(1552, '2019-01-28', 68, 1),
(1553, '2019-01-28', 34, 1),
(1554, '2019-01-28', 56, 1),
(1555, '2019-01-28', 197, 1),
(1556, '2019-01-31', 5, 1),
(1557, '2019-01-31', 50, 1),
(1558, '2019-01-31', 197, 1),
(1559, '2019-01-31', 15, 1),
(1560, '2019-01-31', 172, 1),
(1561, '2019-01-31', 77, 3),
(1562, '2019-01-31', 42, 2),
(1563, '2019-01-31', 59, 5),
(1564, '2019-01-31', 159, 1),
(1565, '2019-01-31', 3, 1),
(1566, '2019-01-31', 88, 2),
(1567, '2019-01-31', 52, 1),
(1568, '2019-01-31', 61, 1),
(1569, '2019-01-31', 82, 1),
(1570, '2019-01-31', 198, 1),
(1571, '2019-01-31', 84, 1),
(1572, '2019-01-31', 59, 1),
(1573, '2019-01-31', 77, 1),
(1574, '2019-01-31', 73, 1),
(1575, '2019-01-31', 10, 1),
(1576, '2019-01-31', 8, 1),
(1577, '2019-01-31', 7, 1),
(1578, '2019-01-31', 199, 1),
(1579, '2019-01-31', 30, 1),
(1580, '2019-01-31', 72, 2),
(1581, '2019-01-31', 1, 1),
(1582, '2019-01-31', 16, 1),
(1583, '2019-01-31', 40, 1),
(1584, '2019-01-31', 34, 2),
(1585, '2019-01-31', 133, 5),
(1586, '2019-01-31', 49, 1),
(1587, '2019-01-31', 52, 1),
(1588, '2019-01-31', 88, 5),
(1589, '2019-01-31', 7, 1),
(1590, '2019-01-31', 73, 5),
(1591, '2019-01-31', 42, 2),
(1592, '2019-01-31', 5, 7),
(1593, '2019-01-31', 59, 1),
(1594, '2019-02-06', 3, 1),
(1595, '2019-02-06', 77, 1),
(1596, '2019-02-06', 73, 1),
(1597, '2019-02-06', 132, 1),
(1598, '2019-02-06', 64, 1),
(1599, '2019-02-06', 73, 1),
(1600, '2019-02-06', 127, 1),
(1601, '2019-02-06', 10, 1),
(1602, '2019-02-06', 55, 1),
(1603, '2019-02-06', 18, 1),
(1604, '2019-02-06', 12, 1),
(1605, '2019-02-06', 165, 1),
(1606, '2019-02-06', 69, 1),
(1607, '2019-02-06', 10, 2),
(1608, '2019-02-06', 133, 1),
(1609, '2019-02-06', 61, 1),
(1610, '2019-02-06', 12, 2),
(1611, '2019-02-06', 114, 1),
(1612, '2019-02-06', 200, 3),
(1613, '2019-02-06', 16, 2),
(1614, '2019-02-06', 52, 1),
(1615, '2019-02-06', 102, 1),
(1616, '2019-02-06', 23, 1),
(1617, '2019-02-06', 96, 1),
(1618, '2019-02-06', 9, 10),
(1619, '2019-02-06', 16, 11),
(1620, '2019-02-06', 1, 4),
(1621, '2019-02-06', 127, 1),
(1622, '2019-02-06', 42, 1),
(1623, '2019-02-06', 55, 1),
(1624, '2019-02-06', 9, 10),
(1625, '2019-02-08', 34, 2),
(1626, '2019-02-08', 54, 2),
(1627, '2019-02-08', 173, 2),
(1628, '2019-02-08', 201, 1),
(1629, '2019-02-08', 82, 1),
(1630, '2019-02-08', 10, 5),
(1631, '2019-02-08', 69, 2),
(1632, '2019-02-08', 96, 1),
(1633, '2019-02-08', 202, 1),
(1634, '2019-02-08', 133, 5),
(1635, '2019-02-08', 136, 2),
(1636, '2019-02-08', 34, 3),
(1637, '2019-02-08', 7, 1),
(1638, '2019-02-08', 76, 1),
(1639, '2019-02-08', 92, 1),
(1640, '2019-02-08', 150, 1),
(1641, '2019-02-08', 196, 1),
(1642, '2019-02-08', 52, 1),
(1643, '2019-02-08', 92, 1),
(1644, '2019-02-08', 94, 1),
(1645, '2019-02-09', 23, 6),
(1646, '2019-02-09', 55, 2),
(1647, '2019-02-09', 67, 1),
(1648, '2019-02-09', 163, 1),
(1649, '2019-02-09', 42, 1),
(1650, '2019-02-09', 148, 6),
(1651, '2019-02-09', 80, 2),
(1652, '2019-02-09', 7, 5),
(1653, '2019-02-09', 32, 3),
(1654, '2019-02-09', 75, 1),
(1655, '2019-02-09', 2, 1),
(1656, '2019-02-09', 147, 1),
(1657, '2019-02-09', 131, 1),
(1658, '2019-02-09', 31, 1),
(1659, '2019-02-09', 203, 2),
(1660, '2019-02-09', 63, 1),
(1661, '2019-02-09', 142, 1),
(1662, '2019-02-09', 54, 1),
(1663, '2019-02-09', 61, 1),
(1664, '2019-02-09', 9, 2),
(1665, '2019-02-09', 198, 1),
(1666, '2019-02-09', 204, 1),
(1667, '2019-02-09', 8, 5),
(1668, '2019-02-09', 54, 2),
(1669, '2019-02-09', 147, 1),
(1670, '2019-02-09', 80, 1),
(1671, '2019-02-09', 62, 1),
(1672, '2019-02-09', 23, 2),
(1673, '2019-02-09', 194, 2),
(1674, '2019-02-09', 60, 5),
(1675, '2019-02-09', 63, 1),
(1676, '2019-02-12', 77, 2),
(1677, '2019-02-12', 20, 2),
(1678, '2019-02-12', 69, 2),
(1679, '2019-02-12', 113, 1),
(1680, '2019-02-12', 205, 2),
(1681, '2019-02-12', 12, 1),
(1682, '2019-02-12', 59, 2),
(1683, '2019-02-12', 42, 2),
(1684, '2019-02-12', 10, 5),
(1685, '2019-02-12', 54, 1),
(1686, '2019-02-12', 71, 1),
(1687, '2019-02-12', 23, 1),
(1688, '2019-02-12', 24, 1),
(1689, '2019-02-12', 200, 1),
(1690, '2019-02-12', 133, 2),
(1691, '2019-02-12', 206, 1),
(1692, '2019-02-12', 200, 1),
(1693, '2019-02-12', 107, 2),
(1694, '2019-02-12', 158, 1),
(1695, '2019-02-14', 16, 3),
(1696, '2019-02-14', 114, 2),
(1697, '2019-02-14', 64, 1),
(1698, '2019-02-14', 138, 1),
(1699, '2019-02-14', 138, 1),
(1700, '2019-02-14', 55, 2),
(1701, '2019-02-14', 65, 2),
(1702, '2019-02-14', 18, 3),
(1703, '2019-02-14', 73, 2),
(1704, '2019-02-14', 16, 5),
(1705, '2019-02-14', 92, 1),
(1706, '2019-02-14', 25, 2),
(1707, '2019-02-14', 21, 1),
(1708, '2019-02-14', 133, 1),
(1709, '2019-02-14', 20, 1),
(1710, '2019-02-14', 75, 1),
(1711, '2019-02-14', 12, 1),
(1712, '2019-02-14', 165, 1),
(1713, '2019-02-14', 113, 1),
(1714, '2019-02-14', 64, 1),
(1715, '2019-02-14', 107, 2),
(1716, '2019-02-14', 71, 1),
(1717, '2019-02-14', 104, 1),
(1718, '2019-02-14', 68, 2),
(1719, '2019-02-14', 15, 1),
(1720, '2019-02-14', 10, 1),
(1721, '2019-02-16', 20, 1),
(1722, '2019-02-16', 133, 1),
(1723, '2019-02-16', 92, 1),
(1724, '2019-02-16', 16, 10),
(1725, '2019-02-16', 1, 5),
(1726, '2019-02-16', 9, 20),
(1727, '2019-02-16', 36, 1),
(1728, '2019-02-16', 84, 1),
(1729, '2019-02-16', 68, 1),
(1730, '2019-02-16', 20, 1),
(1731, '2019-02-16', 1, 1),
(1732, '2019-02-16', 140, 1),
(1733, '2019-02-16', 55, 1),
(1734, '2019-02-16', 8, 1),
(1735, '2019-02-16', 18, 1),
(1736, '2019-02-16', 148, 1),
(1737, '2019-02-16', 17, 1),
(1738, '2019-02-16', 161, 1),
(1739, '2019-02-19', 73, 1),
(1740, '2019-02-19', 133, 5),
(1741, '2019-02-19', 183, 1),
(1742, '2019-02-19', 133, 1),
(1743, '2019-02-19', 207, 1),
(1744, '2019-02-19', 127, 2),
(1745, '2019-02-19', 164, 2),
(1746, '2019-02-19', 72, 2),
(1747, '2019-02-19', 208, 2),
(1748, '2019-02-19', 209, 1),
(1749, '2019-02-19', 12, 2),
(1750, '2019-02-19', 76, 1),
(1751, '2019-02-19', 207, 1),
(1752, '2019-02-19', 8, 2),
(1753, '2019-02-19', 73, 1),
(1754, '2019-02-19', 2, 1),
(1755, '2019-02-19', 114, 1),
(1756, '2019-02-19', 73, 2),
(1757, '2019-02-19', 12, 2),
(1758, '2019-02-19', 9, 5),
(1759, '2019-02-21', 55, 3),
(1760, '2019-02-21', 99, 1),
(1761, '2019-02-21', 133, 5),
(1762, '2019-02-21', 200, 3),
(1763, '2019-02-21', 82, 1),
(1764, '2019-02-21', 99, 1),
(1765, '2019-02-21', 161, 1),
(1766, '2019-02-21', 26, 2),
(1767, '2019-02-21', 54, 2),
(1768, '2019-02-21', 1, 3),
(1769, '2019-02-21', 54, 2),
(1770, '2019-02-21', 76, 1),
(1771, '2019-02-21', 49, 1),
(1772, '2019-02-21', 196, 1),
(1773, '2019-02-21', 138, 2),
(1774, '2019-02-21', 133, 2),
(1775, '2019-02-21', 75, 1),
(1776, '2019-02-21', 80, 1),
(1777, '2019-02-21', 61, 4),
(1778, '2019-02-21', 210, 1),
(1779, '2019-02-21', 21, 2),
(1780, '2019-02-21', 16, 2),
(1781, '2019-02-21', 30, 1),
(1782, '2019-02-21', 1, 1),
(1783, '2019-02-26', 69, 1),
(1784, '2019-02-26', 75, 1),
(1785, '2019-02-26', 16, 7),
(1786, '2019-02-26', 1, 4),
(1787, '2019-02-26', 133, 1),
(1788, '2019-02-26', 54, 3),
(1789, '2019-02-26', 21, 2),
(1790, '2019-02-26', 2, 3),
(1791, '2019-02-26', 196, 1),
(1792, '2019-02-26', 9, 30),
(1793, '2019-02-26', 57, 1),
(1794, '2019-02-26', 196, 1),
(1795, '2019-02-26', 164, 1),
(1796, '2019-02-26', 25, 1),
(1797, '2019-02-26', 60, 1),
(1798, '2019-02-26', 163, 1),
(1799, '2019-02-26', 172, 1),
(1800, '2019-02-26', 164, 1),
(1801, '2019-02-26', 9, 4),
(1802, '2019-02-26', 54, 1),
(1803, '2019-02-26', 10, 10),
(1804, '2019-02-26', 135, 1),
(1805, '2019-02-26', 102, 1),
(1806, '2019-02-28', 143, 1),
(1807, '2019-02-28', 16, 2),
(1808, '2019-02-28', 27, 1),
(1809, '2019-02-28', 23, 1),
(1810, '2019-02-28', 40, 5),
(1811, '2019-02-28', 164, 1),
(1812, '2019-02-28', 3, 2),
(1813, '2019-02-28', 136, 1),
(1814, '2019-02-28', 23, 1),
(1815, '2019-02-28', 188, 1),
(1816, '2019-02-28', 200, 2),
(1817, '2019-02-28', 10, 9),
(1818, '2019-02-28', 148, 10),
(1819, '2019-03-05', 3, 1),
(1820, '2019-03-05', 73, 1),
(1821, '2019-03-05', 69, 1),
(1822, '2019-03-05', 62, 1),
(1823, '2019-03-05', 59, 1),
(1824, '2019-03-05', 133, 10),
(1825, '2019-03-05', 88, 2),
(1826, '2019-03-05', 30, 3),
(1827, '2019-03-05', 50, 2),
(1828, '2019-03-05', 34, 2),
(1829, '2019-03-05', 59, 1),
(1830, '2019-03-05', 168, 1),
(1831, '2019-03-05', 140, 1),
(1832, '2019-03-05', 107, 1),
(1833, '2019-03-05', 25, 2),
(1834, '2019-03-05', 60, 3),
(1835, '2019-03-05', 7, 1),
(1836, '2019-03-05', 1, 1),
(1837, '2019-03-05', 16, 13),
(1838, '2019-03-05', 9, 25),
(1839, '2019-03-05', 2, 1),
(1840, '2019-03-05', 8, 2),
(1841, '2019-03-05', 26, 1),
(1842, '2019-03-05', 211, 1),
(1843, '2019-03-05', 212, 1),
(1844, '2019-03-05', 69, 1),
(1845, '2019-03-05', 26, 1),
(1846, '2019-03-07', 4, 1),
(1847, '2019-03-07', 85, 1),
(1848, '2019-03-07', 54, 2),
(1849, '2019-03-07', 3, 1),
(1850, '2019-03-07', 173, 1),
(1851, '2019-03-07', 3, 1),
(1852, '2019-03-07', 54, 1),
(1853, '2019-03-07', 49, 1),
(1854, '2019-03-07', 40, 3),
(1855, '2019-03-07', 113, 1),
(1856, '2019-03-07', 161, 1),
(1857, '2019-03-07', 64, 1),
(1858, '2019-03-07', 55, 2),
(1859, '2019-03-07', 24, 1),
(1860, '2019-03-07', 168, 1),
(1861, '2019-03-07', 114, 1),
(1862, '2019-03-07', 196, 1),
(1863, '2019-03-07', 200, 2),
(1864, '2019-03-07', 136, 1),
(1865, '2019-03-07', 163, 1),
(1866, '2019-03-07', 138, 1),
(1867, '2019-03-07', 23, 1),
(1868, '2019-03-07', 22, 1),
(1869, '2019-03-07', 68, 1),
(1870, '2019-03-07', 108, 1),
(1871, '2019-03-07', 57, 1),
(1872, '2019-03-07', 200, 4),
(1873, '2019-03-07', 69, 1),
(1874, '2019-03-09', 77, 3),
(1875, '2019-03-09', 49, 5),
(1876, '2019-03-09', 165, 3),
(1877, '2019-03-09', 73, 3),
(1878, '2019-03-09', 5, 5),
(1879, '2019-03-09', 60, 5),
(1880, '2019-03-09', 61, 5),
(1881, '2019-03-09', 20, 3),
(1882, '2019-03-09', 12, 2);
INSERT INTO `barang_masuk` (`id_masuk`, `tanggal`, `id_produk`, `jumlah`) VALUES
(1883, '2019-03-09', 113, 2),
(1884, '2019-03-09', 161, 2),
(1885, '2019-03-09', 15, 1),
(1886, '2019-03-09', 12, 1),
(1887, '2019-03-09', 34, 1),
(1888, '2019-03-09', 57, 1),
(1889, '2019-03-09', 32, 1),
(1890, '2019-03-13', 55, 3),
(1891, '2019-03-13', 23, 1),
(1892, '2019-03-13', 200, 2),
(1893, '2019-03-13', 69, 3),
(1894, '2019-03-13', 130, 2),
(1895, '2019-03-13', 26, 2),
(1896, '2019-03-13', 161, 2),
(1897, '2019-03-13', 69, 2),
(1898, '2019-03-13', 99, 1),
(1899, '2019-03-13', 40, 5),
(1900, '2019-03-13', 64, 1),
(1901, '2019-03-13', 62, 1),
(1902, '2019-03-13', 4, 1),
(1903, '2019-03-13', 73, 1),
(1904, '2019-03-13', 59, 1),
(1905, '2019-03-13', 141, 1),
(1906, '2019-03-13', 16, 2),
(1907, '2019-03-13', 1, 2),
(1908, '2019-03-13', 60, 3),
(1909, '2019-03-13', 30, 1),
(1910, '2019-03-13', 150, 2),
(1911, '2019-03-13', 1, 2),
(1912, '2019-03-13', 8, 3),
(1913, '2019-03-13', 22, 2),
(1914, '2019-03-13', 16, 2),
(1915, '2019-03-13', 107, 1),
(1916, '2019-03-13', 140, 1),
(1917, '2019-03-13', 34, 1),
(1918, '2019-03-13', 67, 1),
(1919, '2019-03-13', 9, 10),
(1920, '2019-03-13', 129, 1),
(1921, '2019-03-13', 34, 2),
(1922, '2019-03-14', 57, 2),
(1923, '2019-03-14', 69, 3),
(1924, '2019-03-14', 213, 1),
(1925, '2019-03-14', 142, 1),
(1926, '2019-03-14', 55, 1),
(1927, '2019-03-14', 52, 2),
(1928, '2019-03-14', 108, 2),
(1929, '2019-03-14', 187, 2),
(1930, '2019-03-14', 48, 1),
(1931, '2019-03-14', 138, 2),
(1932, '2019-03-14', 68, 2),
(1933, '2019-03-14', 30, 1),
(1934, '2019-03-14', 23, 2),
(1935, '2019-03-14', 22, 2),
(1936, '2019-03-14', 133, 3),
(1937, '2019-03-14', 16, 2),
(1938, '2019-03-14', 1, 2),
(1939, '2019-03-14', 9, 5),
(1940, '2019-03-14', 12, 2),
(1941, '2019-03-18', 30, 2),
(1942, '2019-03-18', 55, 2),
(1943, '2019-03-18', 16, 3),
(1944, '2019-03-18', 85, 1),
(1945, '2019-03-18', 105, 2),
(1946, '2019-03-18', 192, 1),
(1947, '2019-03-18', 133, 3),
(1948, '2019-03-18', 129, 1),
(1949, '2019-03-18', 67, 1),
(1950, '2019-03-18', 193, 1),
(1951, '2019-03-18', 18, 3),
(1952, '2019-03-18', 9, 30),
(1953, '2019-03-18', 146, 1),
(1954, '2019-03-18', 80, 2),
(1955, '2019-03-22', 55, 3),
(1956, '2019-03-22', 138, 1),
(1957, '2019-03-22', 50, 1),
(1958, '2019-03-22', 47, 1),
(1959, '2019-03-22', 57, 2),
(1960, '2019-03-22', 69, 3),
(1961, '2019-03-22', 50, 1),
(1962, '2019-03-22', 54, 2),
(1963, '2019-03-22', 1, 2),
(1964, '2019-03-22', 16, 1),
(1965, '2019-03-22', 133, 5),
(1966, '2019-03-22', 34, 1),
(1967, '2019-03-22', 55, 1),
(1968, '2019-03-22', 62, 1),
(1969, '2019-03-22', 200, 2),
(1970, '2019-03-22', 27, 1),
(1971, '2019-03-22', 18, 2),
(1972, '2019-03-22', 161, 2),
(1973, '2019-03-22', 9, 4),
(1974, '2019-03-22', 47, 1),
(1975, '2019-03-22', 61, 2),
(1976, '2019-03-22', 77, 1),
(1977, '2019-03-27', 54, 2),
(1978, '2019-03-27', 200, 2),
(1979, '2019-03-27', 210, 1),
(1980, '2019-03-27', 161, 1),
(1981, '2019-03-27', 59, 1),
(1982, '2019-03-27', 57, 2),
(1983, '2019-03-27', 128, 1),
(1984, '2019-03-27', 214, 1),
(1985, '2019-03-27', 73, 2),
(1986, '2019-03-27', 127, 1),
(1987, '2019-03-27', 3, 2),
(1988, '2019-03-27', 59, 1),
(1989, '2019-03-27', 34, 2),
(1990, '2019-03-27', 16, 2),
(1991, '2019-03-27', 8, 2),
(1992, '2019-03-27', 26, 2),
(1993, '2019-03-27', 150, 3),
(1994, '2019-03-27', 55, 1),
(1995, '2019-03-27', 5, 1),
(1996, '2019-03-27', 60, 1),
(1997, '2019-03-27', 84, 1),
(1998, '2019-03-27', 76, 1),
(1999, '2019-04-04', 69, 1),
(2000, '2019-04-04', 16, 5),
(2001, '2019-04-04', 133, 10),
(2002, '2019-04-04', 88, 2),
(2003, '2019-04-04', 54, 3),
(2004, '2019-04-04', 138, 1),
(2005, '2019-04-04', 67, 1),
(2006, '2019-04-04', 50, 1),
(2007, '2019-04-04', 142, 1),
(2008, '2019-04-04', 197, 1),
(2009, '2019-04-04', 26, 2),
(2010, '2019-04-04', 214, 2),
(2011, '2019-04-04', 3, 2),
(2012, '2019-04-04', 77, 1),
(2013, '2019-04-04', 59, 3),
(2014, '2019-04-04', 205, 1),
(2015, '2019-04-04', 42, 2),
(2016, '2019-04-04', 76, 2),
(2017, '2019-04-04', 215, 3),
(2018, '2019-04-04', 89, 1),
(2019, '2019-04-04', 96, 1),
(2020, '2019-04-04', 64, 1),
(2021, '2019-04-04', 62, 1),
(2022, '2019-04-04', 23, 2),
(2023, '2019-04-04', 22, 2),
(2024, '2019-04-04', 161, 1),
(2025, '2019-04-04', 129, 1),
(2026, '2019-04-04', 12, 2),
(2027, '2019-04-04', 24, 1),
(2028, '2019-04-04', 61, 2),
(2029, '2019-04-05', 200, 5),
(2030, '2019-04-05', 89, 1),
(2031, '2019-04-05', 24, 1),
(2032, '2019-04-05', 215, 2),
(2033, '2019-04-04', 9, 22),
(2034, '2019-04-05', 216, 1),
(2035, '2019-04-05', 207, 1),
(2036, '2019-04-05', 54, 2),
(2037, '2019-04-05', 13, 10),
(2038, '2019-04-05', 217, 2),
(2039, '2019-04-05', 168, 3),
(2040, '2019-04-05', 179, 1),
(2041, '2019-04-05', 188, 1),
(2042, '2019-04-05', 16, 4),
(2043, '2019-04-05', 55, 1),
(2044, '2019-04-05', 90, 1),
(2045, '2019-04-06', 9, 50),
(2046, '2019-04-06', 62, 1),
(2047, '2019-04-06', 218, 1),
(2048, '2019-04-06', 55, 1),
(2049, '2019-04-06', 4, 1),
(2050, '2019-04-08', 168, 2),
(2051, '2019-04-08', 13, 10),
(2052, '2019-04-08', 173, 1),
(2053, '2019-04-08', 156, 1),
(2054, '2019-04-08', 214, 2),
(2055, '2019-04-08', 68, 2),
(2056, '2019-04-08', 77, 1),
(2057, '2019-04-08', 54, 2),
(2058, '2019-04-08', 13, 15),
(2059, '2019-04-08', 200, 3),
(2060, '2019-04-08', 84, 1),
(2061, '2019-04-08', 12, 2),
(2062, '2019-04-08', 188, 1),
(2063, '2019-04-08', 127, 3),
(2064, '2019-04-08', 52, 1),
(2065, '2019-04-08', 36, 1),
(2066, '2019-04-08', 5, 2),
(2067, '2019-04-08', 23, 3),
(2068, '2019-04-08', 9, 3),
(2069, '2019-04-08', 16, 3),
(2070, '2019-04-08', 2, 4),
(2071, '2019-04-08', 164, 1),
(2072, '2019-04-08', 16, 5),
(2073, '2019-04-08', 7, 3),
(2074, '2019-04-08', 22, 1),
(2075, '2019-04-11', 16, 4),
(2076, '2019-04-11', 1, 2),
(2077, '2019-04-11', 2, 2),
(2078, '2019-04-11', 12, 1),
(2079, '2019-04-11', 148, 1),
(2080, '2019-04-11', 60, 2),
(2081, '2019-04-11', 150, 2),
(2082, '2019-04-11', 8, 2),
(2083, '2019-04-11', 34, 4),
(2084, '2019-04-11', 12, 1),
(2085, '2019-04-11', 55, 1),
(2086, '2019-04-11', 26, 1),
(2087, '2019-04-11', 67, 1),
(2088, '2019-04-11', 16, 5),
(2089, '2019-04-11', 148, 1),
(2090, '2019-04-11', 16, 1),
(2091, '2019-04-11', 42, 1),
(2092, '2019-04-11', 20, 1),
(2093, '2019-04-11', 73, 2),
(2094, '2019-04-11', 4, 1),
(2095, '2019-04-11', 154, 2),
(2096, '2019-04-11', 140, 2),
(2097, '2019-04-11', 107, 2),
(2098, '2019-04-11', 69, 1),
(2099, '2019-04-11', 216, 1),
(2100, '2019-04-11', 164, 2),
(2101, '2019-04-13', 168, 1),
(2102, '2019-04-13', 219, 1),
(2103, '2019-04-13', 183, 1),
(2104, '2019-04-13', 142, 1),
(2105, '2019-04-13', 50, 2),
(2106, '2019-04-13', 138, 1),
(2107, '2019-04-13', 220, 3),
(2108, '2019-04-13', 88, 5),
(2109, '2019-04-13', 149, 1),
(2110, '2019-04-13', 24, 1),
(2111, '2019-04-13', 133, 5),
(2112, '2019-04-13', 26, 2),
(2113, '2019-04-13', 76, 1),
(2114, '2019-04-13', 34, 2),
(2115, '2019-04-13', 107, 1),
(2116, '2019-04-13', 140, 1),
(2117, '2019-04-13', 54, 2),
(2118, '2019-04-13', 134, 1),
(2119, '2019-04-13', 61, 1),
(2120, '2019-04-13', 12, 1),
(2121, '2019-04-13', 138, 1),
(2122, '2019-04-13', 133, 1),
(2123, '2019-04-13', 161, 1),
(2124, '2019-04-16', 127, 2),
(2125, '2019-04-16', 215, 1),
(2126, '2019-04-16', 73, 1),
(2127, '2019-04-16', 59, 1),
(2128, '2019-04-16', 164, 2),
(2129, '2019-04-16', 16, 3),
(2130, '2019-04-16', 16, 4),
(2131, '2019-04-16', 54, 1),
(2132, '2019-04-16', 9, 33),
(2133, '2019-04-16', 22, 1),
(2134, '2019-04-16', 23, 2),
(2135, '2019-04-16', 66, 1),
(2136, '2019-04-18', 55, 2),
(2137, '2019-04-18', 2, 2),
(2138, '2019-04-18', 96, 2),
(2139, '2019-04-18', 62, 2),
(2140, '2019-04-18', 183, 2),
(2141, '2019-04-18', 73, 2),
(2142, '2019-04-18', 127, 2),
(2143, '2019-04-18', 61, 2),
(2144, '2019-04-18', 54, 2),
(2145, '2019-04-18', 23, 2),
(2146, '2019-04-18', 4, 1),
(2147, '2019-04-18', 130, 1),
(2148, '2019-04-18', 158, 1),
(2149, '2019-04-18', 94, 1),
(2150, '2019-04-18', 12, 1),
(2151, '2019-04-18', 22, 2),
(2152, '2019-04-18', 80, 1),
(2153, '2019-04-18', 162, 1),
(2154, '2019-04-18', 66, 1),
(2155, '2019-04-18', 52, 1),
(2156, '2019-04-18', 65, 1),
(2157, '2019-04-18', 191, 1),
(2158, '2019-04-18', 16, 3),
(2159, '2019-04-18', 210, 1),
(2160, '2019-04-18', 50, 1),
(2161, '2019-04-24', 214, 1),
(2162, '2019-04-24', 16, 2),
(2163, '2019-04-24', 2, 1),
(2164, '2019-04-24', 133, 3),
(2165, '2019-04-24', 20, 1),
(2166, '2019-04-24', 99, 1),
(2167, '2019-04-24', 40, 2),
(2168, '2019-04-24', 200, 1),
(2169, '2019-04-24', 7, 2),
(2170, '2019-04-24', 196, 1),
(2171, '2019-04-24', 55, 1),
(2172, '2019-04-24', 26, 1),
(2173, '2019-04-24', 162, 1),
(2174, '2019-04-24', 23, 1),
(2175, '2019-04-24', 76, 1),
(2176, '2019-04-24', 165, 1),
(2177, '2019-04-24', 102, 1),
(2178, '2019-04-24', 73, 1),
(2179, '2019-04-26', 62, 2),
(2180, '2019-04-26', 165, 1),
(2181, '2019-04-26', 214, 2),
(2182, '2019-04-26', 34, 1),
(2183, '2019-04-26', 54, 2),
(2184, '2019-04-26', 196, 1),
(2185, '2019-04-26', 77, 1),
(2186, '2019-04-26', 164, 1),
(2187, '2019-04-26', 73, 2),
(2188, '2019-04-26', 61, 1),
(2189, '2019-04-26', 162, 1),
(2190, '2019-04-26', 133, 2),
(2191, '2019-04-26', 12, 1),
(2192, '2019-04-26', 138, 1),
(2193, '2019-04-26', 69, 2),
(2194, '2019-04-26', 88, 1),
(2195, '2019-04-26', 7, 1),
(2196, '2019-04-26', 55, 1),
(2197, '2019-04-26', 23, 1),
(2198, '2019-04-26', 16, 1),
(2199, '2019-04-26', 1, 1),
(2200, '2019-05-04', 221, 2),
(2201, '2019-05-04', 222, 1),
(2202, '2019-05-04', 77, 2),
(2203, '2019-05-04', 223, 1),
(2204, '2019-05-04', 133, 5),
(2205, '2019-05-04', 138, 1),
(2206, '2019-05-04', 142, 1),
(2207, '2019-05-04', 136, 1),
(2208, '2019-05-04', 40, 3),
(2209, '2019-05-04', 26, 2),
(2210, '2019-05-04', 55, 1),
(2211, '2019-05-04', 214, 2),
(2212, '2019-05-04', 73, 5),
(2213, '2019-05-04', 42, 1),
(2214, '2019-05-04', 216, 1),
(2215, '2019-05-04', 158, 1),
(2216, '2019-05-04', 12, 2),
(2217, '2019-05-04', 54, 2),
(2218, '2019-05-04', 196, 1),
(2219, '2019-05-04', 50, 1),
(2220, '2019-05-04', 224, 1),
(2221, '2019-05-04', 59, 3),
(2222, '2019-05-04', 150, 3),
(2223, '2019-05-04', 16, 3),
(2224, '2019-05-04', 9, 40),
(2225, '2019-05-04', 148, 1),
(2226, '2019-05-04', 196, 1),
(2227, '2019-05-04', 1, 1),
(2228, '2019-05-04', 54, 2),
(2229, '2019-05-07', 2, 3),
(2230, '2019-05-07', 55, 2),
(2231, '2019-05-07', 8, 3),
(2232, '2019-05-07', 16, 3),
(2233, '2019-05-07', 3, 1),
(2234, '2019-05-07', 12, 2),
(2235, '2019-05-07', 69, 2),
(2236, '2019-05-07', 23, 2),
(2237, '2019-05-07', 25, 1),
(2238, '2019-05-07', 42, 1),
(2239, '2019-05-07', 200, 2),
(2240, '2019-05-07', 165, 2),
(2241, '2019-05-07', 88, 3),
(2242, '2019-05-07', 55, 2),
(2243, '2019-05-07', 80, 2),
(2244, '2019-05-07', 133, 1),
(2245, '2019-05-07', 225, 1),
(2246, '2019-05-07', 16, 1),
(2247, '2019-05-07', 68, 1),
(2248, '2019-05-07', 20, 1),
(2249, '2019-05-08', 4, 2),
(2250, '2019-05-08', 30, 1),
(2251, '2019-05-08', 77, 1),
(2252, '2019-05-08', 133, 5),
(2253, '2019-05-08', 16, 5),
(2254, '2019-05-08', 133, 1),
(2255, '2019-05-08', 60, 3),
(2256, '2019-05-08', 21, 1),
(2257, '2019-05-08', 59, 1),
(2258, '2019-05-08', 96, 1),
(2259, '2019-05-08', 3, 1),
(2260, '2019-05-08', 23, 2),
(2261, '2019-05-08', 68, 2),
(2262, '2019-05-08', 16, 2),
(2263, '2019-05-08', 28, 1),
(2264, '2019-05-09', 60, 2),
(2265, '2019-05-09', 162, 2),
(2266, '2019-05-09', 26, 3),
(2267, '2019-05-09', 47, 2),
(2268, '2019-05-09', 200, 2),
(2269, '2019-05-09', 1, 2),
(2270, '2019-05-09', 2, 1),
(2271, '2019-05-09', 69, 1),
(2272, '2019-05-09', 54, 1),
(2273, '2019-05-09', 102, 1),
(2274, '2019-05-09', 226, 1),
(2275, '2019-05-09', 16, 2),
(2276, '2019-05-09', 73, 1),
(2277, '2019-05-09', 195, 2),
(2278, '2019-05-09', 227, 1),
(2279, '2019-05-09', 55, 1),
(2280, '2019-05-09', 142, 1),
(2281, '2019-05-09', 23, 2),
(2282, '2019-05-09', 22, 2),
(2283, '2019-05-09', 174, 1),
(2284, '2019-05-09', 1, 2),
(2285, '2019-05-09', 88, 1),
(2286, '2019-05-09', 24, 1),
(2287, '2019-05-09', 7, 1),
(2288, '2019-05-09', 60, 1),
(2289, '2019-05-09', 80, 1),
(2290, '2019-05-09', 76, 1),
(2291, '2019-05-09', 55, 1),
(2292, '2019-05-11', 4, 2),
(2293, '2019-05-11', 73, 2),
(2294, '2019-05-11', 228, 1),
(2295, '2019-05-11', 165, 2),
(2296, '2019-05-11', 133, 1),
(2297, '2019-05-11', 20, 1),
(2298, '2019-05-11', 40, 1),
(2299, '2019-05-11', 200, 2),
(2300, '2019-05-11', 138, 2),
(2301, '2019-05-11', 12, 2),
(2302, '2019-05-11', 99, 1),
(2303, '2019-05-11', 59, 1),
(2304, '2019-05-11', 214, 1),
(2305, '2019-05-11', 76, 1),
(2306, '2019-05-11', 20, 1),
(2307, '2019-05-11', 15, 1),
(2308, '2019-05-11', 80, 1),
(2309, '2019-05-11', 162, 1),
(2310, '2019-05-11', 76, 1),
(2311, '2019-05-11', 119, 1),
(2312, '2019-05-11', 36, 1),
(2313, '2019-05-11', 130, 1),
(2314, '2019-05-11', 7, 1),
(2315, '2019-05-11', 50, 1),
(2316, '2019-05-14', 48, 1),
(2317, '2019-05-14', 179, 1),
(2318, '2019-05-14', 170, 1),
(2319, '2019-05-14', 83, 1),
(2320, '2019-05-14', 132, 1),
(2321, '2019-05-14', 4, 1),
(2322, '2019-05-14', 62, 1),
(2323, '2019-05-14', 51, 1),
(2324, '2019-05-14', 59, 1),
(2325, '2019-05-14', 123, 1),
(2326, '2019-05-14', 42, 2),
(2327, '2019-05-14', 57, 1),
(2328, '2019-05-14', 133, 1),
(2329, '2019-05-14', 26, 2),
(2330, '2019-05-14', 9, 15),
(2331, '2019-05-14', 61, 2),
(2332, '2019-05-14', 77, 1),
(2333, '2019-05-14', 40, 1),
(2334, '2019-05-14', 18, 11),
(2335, '2019-05-14', 229, 1),
(2336, '2019-05-14', 96, 1),
(2337, '2019-05-14', 80, 1),
(2338, '2019-05-14', 30, 1),
(2339, '2019-05-14', 146, 1),
(2340, '2019-05-14', 60, 2),
(2341, '2019-05-14', 133, 1),
(2342, '2019-05-16', 16, 2),
(2343, '2019-05-16', 80, 1),
(2344, '2019-05-16', 142, 1),
(2345, '2019-05-16', 59, 1),
(2346, '2019-05-16', 77, 1),
(2347, '2019-05-16', 42, 1),
(2348, '2019-05-16', 12, 2),
(2349, '2019-05-16', 76, 2),
(2350, '2019-05-16', 4, 1),
(2351, '2019-05-16', 24, 1),
(2352, '2019-05-16', 173, 1),
(2353, '2019-05-16', 59, 2),
(2354, '2019-05-16', 77, 1),
(2355, '2019-05-16', 214, 1),
(2356, '2019-05-16', 200, 2),
(2357, '2019-05-16', 165, 1),
(2358, '2019-05-16', 15, 2),
(2359, '2019-05-16', 88, 3),
(2360, '2019-05-16', 202, 1),
(2361, '2019-05-16', 54, 1),
(2362, '2019-05-16', 138, 1),
(2363, '2019-05-22', 196, 2),
(2364, '2019-05-22', 76, 1),
(2365, '2019-05-22', 54, 2),
(2366, '2019-05-22', 61, 5),
(2367, '2019-05-22', 60, 4),
(2368, '2019-05-22', 73, 7),
(2369, '2019-05-22', 42, 2),
(2370, '2019-05-22', 8, 3),
(2371, '2019-05-22', 16, 10),
(2372, '2019-05-22', 216, 1),
(2373, '2019-05-22', 138, 2),
(2374, '2019-05-22', 68, 2),
(2375, '2019-05-22', 28, 2),
(2376, '2019-05-22', 30, 1),
(2377, '2019-05-22', 143, 1),
(2378, '2019-05-22', 214, 1),
(2379, '2019-05-22', 131, 2),
(2380, '2019-05-22', 9, 45),
(2381, '2019-05-22', 55, 1),
(2382, '2019-05-22', 23, 2),
(2383, '2019-05-22', 22, 1),
(2384, '2019-05-22', 62, 1),
(2385, '2019-05-22', 59, 1),
(2386, '2019-05-22', 40, 2),
(2387, '2019-05-22', 127, 2),
(2388, '2019-05-22', 4, 1),
(2389, '2019-05-22', 70, 1),
(2390, '2019-05-22', 52, 1),
(2391, '2019-05-22', 8, 3),
(2392, '2019-05-22', 2, 2),
(2393, '2019-05-22', 200, 1),
(2394, '2019-05-22', 80, 2),
(2395, '2019-05-23', 3, 1),
(2396, '2019-05-23', 197, 3),
(2397, '2019-05-23', 45, 1),
(2398, '2019-05-23', 214, 1),
(2399, '2019-05-23', 150, 1),
(2400, '2019-05-23', 16, 3),
(2401, '2019-05-23', 2, 4),
(2402, '2019-05-23', 12, 2),
(2403, '2019-05-23', 133, 2),
(2404, '2019-05-23', 23, 1),
(2405, '2019-05-23', 124, 1),
(2406, '2019-05-23', 13, 5),
(2407, '2019-05-23', 114, 1),
(2408, '2019-05-23', 88, 2),
(2409, '2019-05-23', 197, 2),
(2410, '2019-05-23', 46, 1),
(2411, '2019-05-23', 207, 1),
(2412, '2019-05-23', 76, 1),
(2413, '2019-05-23', 214, 1),
(2414, '2019-05-23', 148, 2),
(2415, '2019-05-23', 228, 1),
(2416, '2019-05-23', 9, 2),
(2417, '2019-05-23', 48, 1),
(2418, '2019-05-23', 114, 1),
(2419, '2019-05-23', 129, 1),
(2420, '2019-05-23', 26, 1),
(2421, '2019-05-23', 9, 1),
(2422, '2019-05-28', 2, 1),
(2423, '2019-05-28', 12, 1),
(2424, '2019-05-28', 16, 13),
(2425, '2019-05-28', 12, 2),
(2426, '2019-05-28', 133, 2),
(2427, '2019-05-28', 57, 1),
(2428, '2019-05-28', 150, 4),
(2429, '2019-05-28', 1, 5),
(2430, '2019-05-28', 25, 1),
(2431, '2019-05-28', 23, 1),
(2432, '2019-05-28', 149, 1),
(2433, '2019-05-28', 54, 2),
(2434, '2019-05-28', 44, 1),
(2435, '2019-05-28', 20, 1),
(2436, '2019-05-28', 9, 50),
(2437, '2019-05-28', 148, 1),
(2438, '2019-05-28', 1, 1),
(2439, '2019-05-28', 16, 1),
(2440, '2019-05-28', 71, 1),
(2441, '2019-05-28', 63, 1),
(2442, '2019-05-28', 12, 1),
(2443, '2019-05-30', 3, 1),
(2444, '2019-05-30', 16, 2),
(2445, '2019-05-30', 133, 1),
(2446, '2019-05-30', 130, 1),
(2447, '2019-05-30', 230, 1),
(2448, '2019-05-30', 73, 2),
(2449, '2019-05-30', 23, 1),
(2450, '2019-05-30', 19, 1),
(2451, '2019-06-03', 59, 3),
(2452, '2019-06-03', 26, 1),
(2453, '2019-06-03', 55, 1),
(2454, '2019-06-03', 97, 1),
(2455, '2019-06-03', 99, 2),
(2456, '2019-06-03', 161, 2),
(2457, '2019-06-03', 1, 1),
(2458, '2019-06-03', 133, 1),
(2459, '2019-06-03', 61, 1),
(2460, '2019-06-03', 64, 1),
(2461, '2019-06-03', 61, 1),
(2462, '2019-06-03', 83, 3),
(2463, '2019-06-03', 59, 5),
(2464, '2019-06-03', 55, 2),
(2465, '2019-06-03', 4, 2),
(2466, '2019-06-03', 165, 3),
(2467, '2019-06-03', 64, 1),
(2468, '2019-06-03', 62, 2),
(2469, '2019-06-03', 214, 2),
(2470, '2019-06-03', 231, 2),
(2471, '2019-06-03', 2, 2),
(2472, '2019-06-03', 134, 2),
(2473, '2019-06-03', 232, 1),
(2474, '2019-06-03', 174, 1),
(2475, '2019-06-03', 70, 1),
(2476, '2019-06-03', 19, 1),
(2477, '2019-06-03', 5, 5),
(2478, '2019-06-03', 102, 1),
(2479, '2019-06-03', 23, 10),
(2480, '2019-06-03', 22, 10),
(2481, '2019-06-03', 162, 2),
(2482, '2019-06-03', 12, 1),
(2483, '2019-06-03', 198, 6),
(2484, '2019-06-03', 136, 2),
(2485, '2019-06-03', 138, 3),
(2486, '2019-06-03', 54, 5),
(2487, '2019-06-03', 71, 1),
(2488, '2019-06-03', 197, 2),
(2489, '2019-06-03', 210, 1),
(2490, '2019-06-03', 206, 1),
(2491, '2019-06-03', 233, 1),
(2492, '2019-06-03', 55, 2),
(2493, '2019-06-03', 13, 10),
(2494, '2019-06-03', 40, 5),
(2495, '2019-06-03', 142, 1),
(2496, '2019-06-03', 50, 1),
(2497, '2019-06-03', 133, 1),
(2498, '2019-06-03', 130, 1),
(2499, '2019-06-03', 61, 5),
(2500, '2019-06-03', 61, 5),
(2501, '2019-06-03', 69, 3),
(2502, '2019-06-03', 99, 1),
(2503, '2019-06-03', 88, 5),
(2504, '2019-06-03', 196, 1),
(2505, '2019-06-03', 130, 2),
(2506, '2019-06-03', 207, 1),
(2507, '2019-06-03', 161, 2),
(2508, '2019-06-03', 7, 2),
(2509, '2019-06-03', 133, 1),
(2510, '2019-06-03', 234, 1),
(2511, '2019-06-03', 114, 1),
(2512, '2019-06-03', 226, 1),
(2513, '2019-06-03', 193, 1),
(2514, '2019-06-03', 94, 1),
(2515, '2019-06-03', 9, 10),
(2516, '2019-06-03', 42, 1),
(2517, '2019-06-03', 16, 4),
(2518, '2019-06-03', 1, 4),
(2519, '2019-06-03', 59, 2),
(2520, '2019-06-03', 60, 4),
(2521, '2019-06-03', 54, 1),
(2522, '2019-06-03', 8, 1),
(2523, '2019-06-03', 7, 1),
(2524, '2019-06-03', 69, 1),
(2525, '2019-06-03', 23, 1),
(2526, '2019-06-03', 16, 4),
(2527, '2019-06-03', 61, 3),
(2528, '2019-06-03', 12, 1),
(2529, '2019-06-03', 70, 1),
(2530, '2019-06-03', 25, 1),
(2531, '2019-06-03', 8, 1),
(2532, '2019-06-03', 84, 1),
(2533, '2019-06-03', 33, 1),
(2534, '2019-06-03', 69, 1),
(2535, '2019-06-03', 32, 1),
(2536, '2019-06-03', 34, 1),
(2537, '2019-06-03', 16, 2),
(2538, '2019-06-03', 67, 1),
(2539, '2019-06-03', 7, 1),
(2540, '2019-06-03', 142, 1),
(2541, '2019-06-03', 12, 1),
(2542, '2019-06-03', 174, 1),
(2543, '2019-06-03', 70, 1),
(2544, '2019-06-03', 9, 10),
(2545, '2019-06-03', 26, 3),
(2546, '2019-06-17', 214, 2),
(2547, '2019-06-17', 133, 3),
(2548, '2019-06-17', 114, 1),
(2549, '2019-06-17', 16, 10),
(2550, '2019-06-17', 130, 2),
(2551, '2019-06-17', 20, 1),
(2552, '2019-06-17', 24, 2),
(2553, '2019-06-17', 62, 1),
(2554, '2019-06-17', 161, 2),
(2555, '2019-06-17', 76, 2),
(2556, '2019-06-17', 12, 2),
(2557, '2019-06-17', 179, 2),
(2558, '2019-06-17', 42, 2),
(2559, '2019-06-17', 1, 1),
(2560, '2019-06-19', 150, 5),
(2561, '2019-06-19', 3, 1),
(2562, '2019-06-19', 77, 3),
(2563, '2019-06-19', 88, 5),
(2564, '2019-06-19', 214, 1),
(2565, '2019-06-19', 133, 3),
(2566, '2019-06-19', 235, 1),
(2567, '2019-06-19', 167, 1),
(2568, '2019-06-19', 99, 1),
(2569, '2019-06-19', 77, 1),
(2570, '2019-06-19', 3, 1),
(2571, '2019-06-19', 34, 3),
(2572, '2019-06-19', 16, 6),
(2573, '2019-06-19', 21, 1),
(2574, '2019-06-19', 32, 3),
(2575, '2019-06-19', 12, 4),
(2576, '2019-06-19', 1, 2),
(2577, '2019-06-19', 17, 1),
(2578, '2019-06-24', 73, 2),
(2579, '2019-06-24', 196, 1),
(2580, '2019-06-24', 236, 1),
(2581, '2019-06-24', 54, 2),
(2582, '2019-06-24', 73, 5),
(2583, '2019-06-24', 221, 1),
(2584, '2019-06-24', 82, 1),
(2585, '2019-06-24', 162, 1),
(2586, '2019-06-24', 161, 1),
(2587, '2019-06-24', 60, 2),
(2588, '2019-06-24', 93, 1),
(2589, '2019-06-24', 140, 1),
(2590, '2019-06-24', 107, 1),
(2591, '2019-06-24', 113, 1),
(2592, '2019-06-24', 66, 1),
(2593, '2019-06-24', 92, 1),
(2594, '2019-06-24', 73, 1),
(2595, '2019-06-24', 138, 1),
(2596, '2019-06-24', 9, 10),
(2597, '2019-06-24', 102, 1),
(2598, '2019-06-24', 25, 1),
(2599, '2019-06-24', 161, 1),
(2600, '2019-06-28', 16, 18),
(2601, '2019-06-28', 101, 2),
(2602, '2019-06-28', 55, 3),
(2603, '2019-06-28', 188, 3),
(2604, '2019-06-28', 42, 1),
(2605, '2019-06-28', 237, 2),
(2606, '2019-06-28', 133, 2),
(2607, '2019-06-28', 76, 2),
(2608, '2019-06-28', 225, 2),
(2609, '2019-06-28', 77, 3),
(2610, '2019-06-28', 3, 2),
(2611, '2019-06-28', 148, 1),
(2612, '2019-06-28', 62, 1),
(2613, '2019-06-28', 165, 1),
(2614, '2019-06-28', 63, 1),
(2615, '2019-06-28', 124, 1),
(2616, '2019-06-28', 48, 1),
(2617, '2019-06-28', 13, 4),
(2618, '2019-06-28', 148, 3),
(2619, '2019-06-28', 148, 1),
(2620, '2019-06-28', 16, 1),
(2621, '2019-06-29', 40, 2),
(2622, '2019-06-29', 133, 2),
(2623, '2019-06-29', 229, 2),
(2624, '2019-06-29', 161, 2),
(2625, '2019-06-29', 238, 1),
(2626, '2019-06-29', 239, 1),
(2627, '2019-06-29', 138, 1),
(2628, '2019-06-29', 133, 2),
(2629, '2019-06-29', 16, 2),
(2630, '2019-07-04', 140, 2),
(2631, '2019-07-04', 4, 1),
(2632, '2019-07-04', 73, 5),
(2633, '2019-07-04', 198, 1),
(2634, '2019-07-04', 3, 1),
(2635, '2019-07-04', 214, 2),
(2636, '2019-07-04', 61, 1),
(2637, '2019-07-04', 9, 40),
(2638, '2019-07-04', 62, 2),
(2639, '2019-07-04', 69, 1),
(2640, '2019-07-04', 133, 2),
(2641, '2019-07-04', 40, 5),
(2642, '2019-07-04', 158, 1),
(2643, '2019-07-04', 54, 2),
(2644, '2019-07-04', 7, 1),
(2645, '2019-07-04', 23, 2),
(2646, '2019-07-04', 140, 1),
(2647, '2019-07-04', 61, 3),
(2648, '2019-07-04', 69, 1),
(2649, '2019-07-04', 88, 1),
(2650, '2019-07-04', 93, 1),
(2651, '2019-07-04', 182, 1),
(2652, '2019-07-04', 229, 3),
(2653, '2019-07-04', 54, 2),
(2654, '2019-07-04', 48, 1),
(2655, '2019-07-04', 106, 1),
(2656, '2019-07-04', 102, 1),
(2657, '2019-07-04', 196, 1),
(2658, '2019-07-04', 237, 2),
(2659, '2019-07-04', 229, 1),
(2660, '2019-07-04', 77, 1),
(2661, '2019-07-05', 237, 3),
(2662, '2019-07-05', 240, 1),
(2663, '2019-07-05', 48, 3),
(2664, '2019-07-05', 168, 2),
(2665, '2019-07-05', 69, 1),
(2666, '2019-07-05', 89, 1),
(2667, '2019-07-05', 142, 1),
(2668, '2019-07-05', 55, 1),
(2669, '2019-07-05', 218, 1),
(2670, '2019-07-05', 165, 2),
(2671, '2019-07-05', 161, 2),
(2672, '2019-07-05', 88, 2),
(2673, '2019-07-05', 7, 1),
(2674, '2019-07-05', 54, 1),
(2675, '2019-07-05', 7, 2),
(2676, '2019-07-05', 168, 1),
(2677, '2019-07-05', 42, 1),
(2678, '2019-07-05', 148, 3),
(2679, '2019-07-05', 200, 1),
(2680, '2019-07-05', 88, 1),
(2681, '2019-07-05', 65, 1),
(2682, '2019-07-09', 214, 1),
(2683, '2019-07-09', 213, 1),
(2684, '2019-07-09', 188, 1),
(2685, '2019-07-09', 222, 2),
(2686, '2019-07-09', 69, 1),
(2687, '2019-07-09', 23, 1),
(2688, '2019-07-09', 64, 1),
(2689, '2019-07-09', 4, 1),
(2690, '2019-07-09', 151, 1),
(2691, '2019-07-09', 59, 1),
(2692, '2019-07-09', 164, 1),
(2693, '2019-07-09', 165, 1),
(2694, '2019-07-09', 76, 1),
(2695, '2019-07-09', 12, 1),
(2696, '2019-07-09', 141, 1),
(2697, '2019-07-09', 214, 1),
(2698, '2019-07-09', 60, 3),
(2699, '2019-07-09', 7, 2),
(2700, '2019-07-09', 9, 2),
(2701, '2019-07-09', 241, 1),
(2702, '2019-07-09', 200, 2),
(2703, '2019-07-11', 56, 1),
(2704, '2019-07-11', 93, 1),
(2705, '2019-07-11', 134, 1),
(2706, '2019-07-11', 42, 1),
(2707, '2019-07-11', 214, 2),
(2708, '2019-07-11', 26, 2),
(2709, '2019-07-11', 55, 1),
(2710, '2019-07-11', 142, 1),
(2711, '2019-07-11', 113, 1),
(2712, '2019-07-11', 207, 2),
(2713, '2019-07-11', 7, 2),
(2714, '2019-07-11', 88, 2),
(2715, '2019-07-11', 182, 1),
(2716, '2019-07-11', 24, 1),
(2717, '2019-07-11', 68, 2),
(2718, '2019-07-11', 54, 1),
(2719, '2019-07-11', 106, 1),
(2720, '2019-07-11', 207, 1),
(2721, '2019-07-11', 22, 1),
(2722, '2019-07-11', 133, 3),
(2723, '2019-07-11', 12, 1),
(2724, '2019-07-11', 60, 1),
(2725, '2019-07-11', 25, 1),
(2726, '2019-07-13', 62, 1),
(2727, '2019-07-13', 92, 1),
(2728, '2019-07-13', 73, 2),
(2729, '2019-07-13', 97, 2),
(2730, '2019-07-13', 140, 1),
(2731, '2019-07-13', 9, 40),
(2732, '2019-07-13', 7, 2),
(2733, '2019-07-13', 150, 1),
(2734, '2019-07-13', 102, 1),
(2735, '2019-07-13', 5, 1),
(2736, '2019-07-13', 60, 1),
(2737, '2019-07-15', 64, 1),
(2738, '2019-07-15', 23, 5),
(2739, '2019-07-15', 188, 1),
(2740, '2019-07-15', 215, 3),
(2741, '2019-07-15', 127, 2),
(2742, '2019-07-15', 172, 1),
(2743, '2019-07-15', 242, 1),
(2744, '2019-07-15', 241, 1),
(2745, '2019-07-15', 182, 1),
(2746, '2019-07-15', 158, 1),
(2747, '2019-07-15', 60, 2),
(2748, '2019-07-15', 62, 1),
(2749, '2019-07-15', 54, 2),
(2750, '2019-07-15', 26, 1),
(2751, '2019-07-15', 55, 1),
(2752, '2019-07-15', 235, 1),
(2753, '2019-07-15', 23, 1),
(2754, '2019-07-15', 200, 1),
(2755, '2019-07-15', 18, 1),
(2756, '2019-07-15', 242, 1),
(2757, '2019-07-22', 190, 1),
(2758, '2019-07-22', 150, 5),
(2759, '2019-07-22', 73, 1),
(2760, '2019-07-22', 208, 1),
(2761, '2019-07-22', 188, 1),
(2762, '2019-07-22', 40, 5),
(2763, '2019-07-22', 196, 4),
(2764, '2019-07-22', 158, 2),
(2765, '2019-07-22', 13, 10),
(2766, '2019-07-22', 7, 2),
(2767, '2019-07-22', 237, 1),
(2768, '2019-07-22', 127, 1),
(2769, '2019-07-22', 73, 1),
(2770, '2019-07-22', 237, 1),
(2771, '2019-07-22', 54, 1),
(2772, '2019-07-22', 133, 2),
(2773, '2019-07-22', 39, 2),
(2774, '2019-07-22', 20, 2),
(2775, '2019-07-22', 12, 1),
(2776, '2019-07-22', 76, 1),
(2777, '2019-07-22', 22, 2),
(2778, '2019-07-22', 7, 2),
(2779, '2019-07-22', 9, 33),
(2780, '2019-07-22', 42, 1),
(2781, '2019-07-22', 243, 1),
(2782, '2019-07-22', 59, 1),
(2783, '2019-07-22', 161, 1),
(2784, '2019-07-22', 15, 1),
(2785, '2019-07-22', 237, 1),
(2786, '2019-07-22', 54, 1),
(2787, '2019-07-22', 158, 1),
(2788, '2019-07-30', 93, 2),
(2789, '2019-07-30', 127, 1),
(2790, '2019-07-30', 23, 1),
(2791, '2019-07-30', 40, 1),
(2792, '2019-07-30', 64, 1),
(2793, '2019-07-30', 1, 2),
(2794, '2019-07-30', 148, 2),
(2795, '2019-07-30', 12, 1),
(2796, '2019-07-30', 32, 1),
(2797, '2019-07-30', 13, 11),
(2798, '2019-07-30', 153, 1),
(2799, '2019-07-30', 16, 9),
(2800, '2019-07-30', 244, 1),
(2801, '2019-07-30', 23, 1),
(2802, '2019-07-30', 214, 1),
(2803, '2019-07-30', 133, 3),
(2804, '2019-07-30', 77, 2),
(2805, '2019-07-30', 93, 2),
(2806, '2019-07-30', 12, 1),
(2807, '2019-07-30', 149, 1),
(2808, '2019-07-30', 94, 1),
(2809, '2019-07-30', 61, 1),
(2810, '2019-07-30', 148, 3),
(2811, '2019-07-30', 135, 1),
(2812, '2019-08-05', 83, 2),
(2813, '2019-08-05', 59, 2),
(2814, '2019-08-05', 245, 1),
(2815, '2019-08-05', 127, 2),
(2816, '2019-08-05', 54, 2),
(2817, '2019-08-05', 246, 2),
(2818, '2019-08-05', 214, 4),
(2819, '2019-08-05', 55, 2),
(2820, '2019-08-05', 26, 2),
(2821, '2019-08-05', 23, 5),
(2822, '2019-08-05', 12, 2),
(2823, '2019-08-05', 61, 2),
(2824, '2019-08-05', 180, 1),
(2825, '2019-08-05', 218, 2),
(2826, '2019-08-05', 102, 1),
(2827, '2019-08-05', 88, 2),
(2828, '2019-08-05', 40, 3),
(2829, '2019-08-05', 62, 1),
(2830, '2019-08-05', 64, 1),
(2831, '2019-08-05', 68, 1),
(2832, '2019-08-05', 141, 1),
(2833, '2019-08-05', 174, 1),
(2834, '2019-08-05', 92, 1),
(2835, '2019-08-05', 229, 2),
(2836, '2019-08-05', 13, 5),
(2837, '2019-08-05', 158, 1),
(2838, '2019-08-05', 133, 2),
(2839, '2019-08-05', 148, 2),
(2840, '2019-08-05', 24, 1),
(2841, '2019-08-06', 9, 70),
(2842, '2019-08-06', 60, 12),
(2843, '2019-08-06', 69, 2),
(2844, '2019-08-06', 48, 1),
(2845, '2019-08-06', 30, 1),
(2846, '2019-08-06', 224, 1),
(2847, '2019-08-06', 80, 2),
(2848, '2019-08-06', 133, 2),
(2849, '2019-08-06', 36, 1),
(2850, '2019-08-06', 138, 2),
(2851, '2019-08-06', 50, 1),
(2852, '2019-08-06', 114, 1),
(2853, '2019-08-06', 7, 1),
(2854, '2019-08-06', 242, 2),
(2855, '2019-08-06', 196, 2),
(2856, '2019-08-06', 133, 1),
(2857, '2019-08-06', 26, 1),
(2858, '2019-08-08', 138, 2),
(2859, '2019-08-08', 26, 3),
(2860, '2019-08-08', 168, 1),
(2861, '2019-08-08', 198, 2),
(2862, '2019-08-08', 206, 2),
(2863, '2019-08-08', 40, 5),
(2864, '2019-08-08', 7, 2),
(2865, '2019-08-08', 133, 2),
(2866, '2019-08-08', 23, 3),
(2867, '2019-08-08', 61, 1),
(2868, '2019-08-08', 214, 2),
(2869, '2019-08-08', 135, 1),
(2870, '2019-08-08', 162, 2),
(2871, '2019-08-08', 94, 1),
(2872, '2019-08-08', 141, 1),
(2873, '2019-08-08', 193, 1),
(2874, '2019-08-12', 62, 1),
(2875, '2019-08-12', 54, 2),
(2876, '2019-08-12', 39, 2),
(2877, '2019-08-12', 77, 1),
(2878, '2019-08-12', 23, 1),
(2879, '2019-08-12', 24, 1),
(2880, '2019-08-12', 140, 1),
(2881, '2019-08-12', 4, 1),
(2882, '2019-08-12', 138, 1),
(2883, '2019-08-12', 3, 1),
(2884, '2019-08-12', 61, 1),
(2885, '2019-08-12', 142, 1),
(2886, '2019-08-12', 26, 1),
(2887, '2019-08-12', 55, 1),
(2888, '2019-08-12', 24, 1),
(2889, '2019-08-12', 73, 2),
(2890, '2019-08-12', 168, 1),
(2891, '2019-08-12', 48, 1),
(2892, '2019-08-12', 133, 2),
(2893, '2019-08-12', 247, 1),
(2894, '2019-08-12', 248, 1),
(2895, '2019-08-12', 249, 1),
(2896, '2019-08-12', 77, 3),
(2897, '2019-08-12', 148, 4),
(2898, '2019-08-12', 16, 4),
(2899, '2019-08-12', 1, 4),
(2900, '2019-08-12', 61, 2),
(2901, '2019-08-12', 88, 3),
(2902, '2019-08-12', 150, 6),
(2903, '2019-08-12', 55, 1),
(2904, '2019-08-14', 127, 2),
(2905, '2019-08-14', 73, 2),
(2906, '2019-08-14', 179, 1),
(2907, '2019-08-14', 127, 2),
(2908, '2019-08-14', 73, 4),
(2909, '2019-08-14', 179, 1),
(2910, '2019-08-14', 173, 2),
(2911, '2019-08-14', 107, 2),
(2912, '2019-08-14', 102, 1),
(2913, '2019-08-14', 150, 2),
(2914, '2019-08-14', 119, 1),
(2915, '2019-08-14', 3, 2),
(2916, '2019-08-14', 22, 2),
(2917, '2019-08-14', 129, 1),
(2918, '2019-08-14', 129, 2),
(2919, '2019-08-14', 17, 2),
(2920, '2019-08-19', 3, 1),
(2921, '2019-08-19', 237, 2),
(2922, '2019-08-19', 134, 1),
(2923, '2019-08-19', 26, 1),
(2924, '2019-08-19', 24, 1),
(2925, '2019-08-19', 8, 2),
(2926, '2019-08-19', 88, 1),
(2927, '2019-08-19', 133, 4),
(2928, '2019-08-19', 42, 2),
(2929, '2019-08-19', 19, 1),
(2930, '2019-08-19', 127, 2),
(2931, '2019-08-19', 61, 1),
(2932, '2019-08-19', 250, 1),
(2933, '2019-08-19', 76, 4),
(2934, '2019-08-19', 55, 5),
(2935, '2019-08-19', 16, 10),
(2936, '2019-08-19', 1, 10),
(2937, '2019-08-19', 8, 2),
(2938, '2019-08-19', 9, 38),
(2939, '2019-08-19', 77, 1),
(2940, '2019-08-19', 82, 1),
(2941, '2019-08-24', 25, 4),
(2942, '2019-08-24', 54, 3),
(2943, '2019-08-24', 55, 3),
(2944, '2019-08-24', 69, 1),
(2945, '2019-08-24', 214, 2),
(2946, '2019-08-24', 64, 1),
(2947, '2019-08-24', 4, 1),
(2948, '2019-08-24', 33, 2),
(2949, '2019-08-24', 25, 1),
(2950, '2019-08-24', 12, 1),
(2951, '2019-08-24', 85, 1),
(2952, '2019-08-24', 77, 1),
(2953, '2019-08-24', 54, 1),
(2954, '2019-08-24', 217, 1),
(2955, '2019-08-24', 13, 4),
(2956, '2019-08-24', 185, 1),
(2957, '2019-08-24', 188, 1),
(2958, '2019-08-24', 60, 1),
(2959, '2019-08-24', 7, 2),
(2960, '2019-08-24', 200, 1),
(2961, '2019-08-24', 13, 1),
(2962, '2019-08-24', 36, 1),
(2963, '2019-08-24', 16, 1),
(2964, '2019-08-24', 134, 1),
(2965, '2019-08-30', 45, 1),
(2966, '2019-08-30', 30, 1),
(2967, '2019-08-30', 59, 2),
(2968, '2019-08-30', 54, 1),
(2969, '2019-08-30', 63, 1),
(2970, '2019-08-30', 237, 1),
(2971, '2019-08-30', 42, 1),
(2972, '2019-08-30', 161, 1),
(2973, '2019-08-30', 79, 1),
(2974, '2019-08-30', 77, 1),
(2975, '2019-08-30', 251, 1),
(2976, '2019-08-30', 12, 2),
(2977, '2019-08-30', 54, 1),
(2978, '2019-08-30', 196, 1),
(2979, '2019-08-30', 16, 10),
(2980, '2019-08-30', 60, 3),
(2981, '2019-08-30', 59, 1),
(2982, '2019-08-30', 13, 3),
(2983, '2019-08-30', 9, 35),
(2984, '2019-08-30', 198, 1),
(2985, '2019-08-30', 143, 1),
(2986, '2019-08-30', 161, 1),
(2987, '2019-08-30', 70, 1),
(2988, '2019-08-30', 148, 1),
(2989, '2019-08-30', 133, 2),
(2990, '2019-08-30', 191, 1),
(2991, '2019-08-30', 127, 1),
(2992, '2019-08-30', 9, 3),
(2993, '2019-08-30', 61, 2),
(2994, '2019-08-30', 25, 1),
(2995, '2019-08-30', 140, 1),
(2996, '2019-08-30', 16, 3),
(2997, '2019-08-30', 1, 3),
(2998, '2019-08-30', 148, 1),
(2999, '2019-08-30', 16, 1),
(3000, '2019-08-30', 1, 1),
(3001, '2019-09-05', 73, 3),
(3002, '2019-09-05', 77, 1),
(3003, '2019-09-05', 161, 1),
(3004, '2019-09-05', 14, 1),
(3005, '2019-09-05', 214, 2),
(3006, '2019-09-05', 61, 2),
(3007, '2019-09-05', 50, 1),
(3008, '2019-09-05', 54, 2),
(3009, '2019-09-05', 134, 1),
(3010, '2019-09-05', 52, 1),
(3011, '2019-09-05', 23, 1),
(3012, '2019-09-05', 22, 1),
(3013, '2019-09-05', 143, 1),
(3014, '2019-09-05', 127, 2),
(3015, '2019-09-05', 198, 1),
(3016, '2019-09-05', 12, 1),
(3017, '2019-09-05', 34, 1),
(3018, '2019-09-05', 88, 5),
(3019, '2019-09-05', 148, 1),
(3020, '2019-09-06', 42, 1),
(3021, '2019-09-06', 237, 1),
(3022, '2019-09-06', 154, 1),
(3023, '2019-09-06', 23, 3),
(3024, '2019-09-06', 22, 3),
(3025, '2019-09-06', 26, 1),
(3026, '2019-09-06', 24, 1),
(3027, '2019-09-06', 179, 1),
(3028, '2019-09-06', 195, 1),
(3029, '2019-09-06', 73, 1),
(3030, '2019-09-06', 240, 1),
(3031, '2019-09-06', 162, 1),
(3032, '2019-09-06', 174, 1),
(3033, '2019-09-06', 119, 1),
(3034, '2019-09-06', 50, 1),
(3035, '2019-09-06', 133, 2),
(3036, '2019-09-06', 80, 1),
(3037, '2019-09-06', 3, 1),
(3038, '2019-09-06', 237, 1),
(3039, '2019-09-06', 193, 1),
(3040, '2019-09-06', 16, 1),
(3041, '2019-09-09', 51, 1),
(3042, '2019-09-09', 207, 2),
(3043, '2019-09-09', 84, 1),
(3044, '2019-09-09', 147, 1),
(3045, '2019-09-09', 242, 1),
(3046, '2019-09-09', 13, 5),
(3047, '2019-09-09', 48, 1),
(3048, '2019-09-09', 66, 1),
(3049, '2019-09-09', 246, 1),
(3050, '2019-09-09', 65, 1),
(3051, '2019-09-09', 69, 1),
(3052, '2019-09-09', 106, 1),
(3053, '2019-09-09', 217, 1),
(3054, '2019-09-09', 76, 1),
(3055, '2019-09-09', 133, 2),
(3056, '2019-09-09', 200, 1),
(3057, '2019-09-09', 50, 1),
(3058, '2019-09-09', 9, 25),
(3059, '2019-09-09', 65, 1),
(3060, '2019-09-09', 162, 1),
(3061, '2019-09-09', 80, 1),
(3062, '2019-09-11', 252, 1),
(3063, '2019-09-11', 249, 1),
(3064, '2019-09-11', 73, 2),
(3065, '2019-09-11', 86, 2),
(3066, '2019-09-11', 140, 2),
(3067, '2019-09-11', 19, 1),
(3068, '2019-09-11', 54, 3),
(3069, '2019-09-11', 60, 5),
(3070, '2019-09-11', 167, 1),
(3071, '2019-09-11', 102, 1),
(3072, '2019-09-11', 156, 1),
(3073, '2019-09-11', 168, 1),
(3074, '2019-09-11', 253, 1),
(3075, '2019-09-11', 12, 2),
(3076, '2019-09-11', 133, 2),
(3077, '2019-09-11', 69, 2),
(3078, '2019-09-11', 114, 1),
(3079, '2019-09-11', 168, 1),
(3080, '2019-09-11', 55, 1),
(3081, '2019-09-11', 66, 1),
(3082, '2019-09-11', 37, 1),
(3083, '2019-09-11', 107, 1),
(3084, '2019-09-11', 237, 1),
(3085, '2019-09-11', 148, 2),
(3086, '2019-09-11', 3, 1),
(3087, '2019-09-11', 32, 1),
(3088, '2019-09-11', 108, 1),
(3089, '2019-09-11', 25, 2),
(3090, '2019-09-11', 19, 2),
(3091, '2019-09-11', 140, 1),
(3092, '2019-09-11', 107, 1),
(3093, '2019-09-13', 5, 2),
(3094, '2019-09-13', 23, 5),
(3095, '2019-09-13', 55, 3),
(3096, '2019-09-13', 254, 1),
(3097, '2019-09-13', 255, 2),
(3098, '2019-09-13', 127, 2),
(3099, '2019-09-13', 165, 1),
(3100, '2019-09-13', 48, 1),
(3101, '2019-09-13', 34, 2),
(3102, '2019-09-13', 25, 2),
(3103, '2019-09-13', 68, 1),
(3104, '2019-09-13', 23, 1),
(3105, '2019-09-13', 22, 1),
(3106, '2019-09-13', 129, 1),
(3107, '2019-09-13', 73, 2),
(3108, '2019-09-13', 73, 1),
(3109, '2019-09-13', 34, 1),
(3110, '2019-09-13', 5, 2),
(3111, '2019-09-13', 148, 1),
(3112, '2019-09-16', 61, 3),
(3113, '2019-09-16', 169, 1),
(3114, '2019-09-16', 13, 5),
(3115, '2019-09-16', 42, 1),
(3116, '2019-09-16', 13, 1),
(3117, '2019-09-16', 168, 1),
(3118, '2019-09-16', 60, 2),
(3119, '2019-09-16', 200, 3),
(3120, '2019-09-16', 12, 1),
(3121, '2019-09-16', 69, 1),
(3122, '2019-09-16', 9, 45),
(3123, '2019-09-16', 117, 1),
(3124, '2019-09-16', 39, 1),
(3125, '2019-09-16', 59, 1),
(3126, '2019-09-16', 55, 1),
(3127, '2019-09-16', 34, 1),
(3128, '2019-09-16', 16, 10),
(3129, '2019-09-16', 8, 5),
(3130, '2019-09-16', 18, 4),
(3131, '2019-09-16', 179, 2),
(3132, '2019-09-16', 168, 2),
(3133, '2019-09-18', 188, 1),
(3134, '2019-09-18', 54, 2),
(3135, '2019-09-18', 161, 2),
(3136, '2019-09-18', 133, 2),
(3137, '2019-09-18', 16, 3),
(3138, '2019-09-18', 247, 1),
(3139, '2019-09-18', 256, 1),
(3140, '2019-09-18', 61, 1),
(3141, '2019-09-18', 188, 1),
(3142, '2019-09-18', 93, 1),
(3143, '2019-09-18', 83, 1),
(3144, '2019-09-18', 106, 1),
(3145, '2019-09-18', 12, 2),
(3146, '2019-09-18', 153, 1),
(3147, '2019-09-18', 73, 2),
(3148, '2019-09-18', 2, 1),
(3149, '2019-09-18', 25, 1),
(3150, '2019-09-18', 37, 1),
(3151, '2019-09-18', 55, 1),
(3152, '2019-09-18', 24, 1),
(3153, '2019-09-18', 26, 1),
(3154, '2019-09-18', 55, 1),
(3155, '2019-09-18', 23, 1),
(3156, '2019-09-18', 22, 1),
(3157, '2019-09-18', 88, 3),
(3158, '2019-09-18', 69, 1),
(3159, '2019-09-20', 80, 2),
(3160, '2019-09-20', 16, 2),
(3161, '2019-09-20', 8, 2),
(3162, '2019-09-20', 22, 2),
(3163, '2019-09-20', 55, 1),
(3164, '2019-09-20', 24, 1),
(3165, '2019-09-20', 162, 1),
(3166, '2019-09-20', 256, 2),
(3167, '2019-09-20', 129, 2),
(3168, '2019-09-20', 214, 2),
(3169, '2019-09-20', 256, 1),
(3170, '2019-09-20', 196, 3),
(3171, '2019-09-20', 54, 2),
(3172, '2019-09-20', 168, 2),
(3173, '2019-09-20', 237, 1),
(3174, '2019-09-20', 106, 1),
(3175, '2019-09-20', 161, 2),
(3176, '2019-09-20', 69, 1),
(3177, '2019-09-20', 61, 1),
(3178, '2019-09-20', 133, 1),
(3179, '2019-09-20', 12, 1),
(3180, '2019-09-20', 9, 5),
(3181, '2019-09-28', 141, 1),
(3182, '2019-09-28', 150, 2),
(3183, '2019-09-28', 198, 2),
(3184, '2019-09-28', 133, 2),
(3185, '2019-09-08', 92, 1),
(3186, '2019-09-28', 12, 2),
(3187, '2019-09-28', 76, 1),
(3188, '2019-09-28', 1, 2),
(3189, '2019-09-28', 16, 3),
(3190, '2019-09-28', 166, 2),
(3191, '2019-09-28', 21, 1),
(3192, '2019-09-28', 13, 4),
(3193, '2019-09-28', 37, 1),
(3194, '2019-09-28', 8, 2),
(3195, '2019-09-28', 18, 2),
(3196, '2019-09-28', 12, 1),
(3197, '2019-09-28', 32, 1),
(3198, '2019-09-28', 60, 2),
(3199, '2019-09-28', 31, 1),
(3200, '2019-09-28', 154, 1),
(3201, '2019-09-28', 42, 1),
(3202, '2019-09-28', 16, 1),
(3203, '2019-09-28', 2, 1),
(3204, '2019-09-28', 65, 1),
(3205, '2019-09-28', 257, 1),
(3206, '2019-09-28', 162, 1),
(3207, '2019-10-01', 9, 50),
(3208, '2019-10-01', 16, 5),
(3209, '2019-10-01', 32, 1),
(3210, '2019-10-01', 76, 1),
(3211, '2019-10-01', 2, 2),
(3212, '2019-10-01', 22, 1),
(3213, '2019-10-01', 148, 1),
(3214, '2019-10-01', 54, 1),
(3215, '2019-10-01', 82, 1),
(3216, '2019-10-01', 143, 1),
(3217, '2019-10-01', 97, 1),
(3218, '2019-10-01', 94, 1),
(3219, '2019-10-01', 16, 3),
(3220, '2019-10-01', 1, 1),
(3221, '2019-10-01', 21, 1),
(3222, '2019-10-01', 60, 2),
(3223, '2019-10-01', 33, 5),
(3224, '2019-10-01', 69, 4),
(3225, '2019-10-01', 57, 3),
(3226, '2019-10-01', 52, 1),
(3227, '2019-10-01', 77, 1),
(3228, '2019-10-01', 68, 3),
(3229, '2019-10-02', 133, 5),
(3230, '2019-10-02', 77, 2),
(3231, '2019-10-02', 22, 5),
(3232, '2019-10-02', 222, 2),
(3233, '2019-10-02', 133, 5),
(3234, '2019-10-02', 12, 1),
(3235, '2019-10-02', 73, 2),
(3236, '2019-10-02', 42, 1),
(3237, '2019-10-02', 242, 1),
(3238, '2019-10-02', 24, 1),
(3239, '2019-10-02', 127, 10),
(3240, '2019-10-02', 200, 5),
(3241, '2019-10-02', 40, 10),
(3242, '2019-10-02', 73, 10),
(3243, '2019-10-02', 76, 5),
(3244, '2019-10-02', 257, 2),
(3245, '2019-10-02', 67, 2),
(3246, '2019-10-02', 50, 3),
(3247, '2019-10-02', 214, 1),
(3248, '2019-10-02', 150, 5),
(3249, '2019-10-02', 4, 1),
(3250, '2019-10-02', 55, 5),
(3251, '2019-10-02', 24, 5),
(3252, '2019-10-02', 16, 10),
(3253, '2019-10-02', 1, 10),
(3254, '2019-10-02', 57, 2),
(3255, '2019-10-02', 121, 2),
(3256, '2019-10-02', 258, 3),
(3257, '2019-10-02', 23, 10),
(3258, '2019-10-02', 22, 10),
(3259, '2019-10-02', 182, 3),
(3260, '2019-10-02', 162, 5),
(3261, '2019-10-02', 80, 5),
(3262, '2019-10-02', 8, 10),
(3263, '2019-10-02', 113, 2),
(3264, '2019-10-02', 247, 1),
(3265, '2019-10-02', 54, 6),
(3266, '2019-10-02', 9, 30),
(3267, '2019-10-02', 242, 1),
(3268, '2019-10-02', 256, 5),
(3269, '2019-10-02', 69, 1),
(3270, '2019-10-02', 13, 10),
(3271, '2019-10-02', 9, 20),
(3272, '2019-10-02', 65, 1),
(3273, '2019-10-29', 229, 1),
(3274, '2019-10-29', 133, 5),
(3275, '2019-10-29', 224, 1),
(3276, '2019-10-29', 61, 3),
(3277, '2019-10-29', 148, 2),
(3278, '2019-10-29', 224, 1),
(3279, '2019-10-29', 83, 1),
(3280, '2019-10-29', 218, 1),
(3281, '2019-10-29', 214, 1),
(3282, '2019-10-29', 185, 1),
(3283, '2019-10-29', 229, 1),
(3284, '2019-10-29', 259, 1),
(3285, '2019-10-29', 54, 1),
(3286, '2019-10-29', 161, 1),
(3287, '2019-10-29', 16, 3),
(3288, '2019-10-29', 69, 2),
(3289, '2019-10-29', 12, 2),
(3290, '2019-10-29', 251, 1),
(3291, '2019-10-30', 59, 5),
(3292, '2019-10-30', 203, 1),
(3293, '2019-10-30', 188, 3),
(3294, '2019-10-30', 4, 2),
(3295, '2019-10-30', 229, 1),
(3296, '2019-10-30', 32, 2),
(3297, '2019-10-30', 69, 1),
(3298, '2019-10-30', 60, 4),
(3299, '2019-10-30', 169, 1),
(3300, '2019-10-30', 54, 1),
(3301, '2019-10-30', 92, 1),
(3302, '2019-10-30', 102, 2),
(3303, '2019-10-30', 260, 2),
(3304, '2019-10-30', 12, 1),
(3305, '2019-10-30', 158, 1),
(3306, '2019-10-30', 190, 1),
(3307, '2019-10-30', 16, 1),
(3308, '2019-10-30', 20, 1),
(3309, '2019-10-30', 140, 1),
(3310, '2019-10-30', 88, 2),
(3311, '2019-10-30', 20, 1),
(3312, '2019-10-30', 92, 1),
(3313, '2019-10-30', 161, 1),
(3314, '2019-11-02', 23, 10),
(3315, '2019-11-02', 261, 2),
(3316, '2019-11-02', 156, 3),
(3317, '2019-11-02', 143, 1),
(3318, '2019-11-02', 214, 2),
(3319, '2019-11-02', 247, 1),
(3320, '2019-11-02', 60, 2),
(3321, '2019-11-02', 219, 3),
(3322, '2019-11-02', 60, 2),
(3323, '2019-11-02', 224, 1),
(3324, '2019-11-04', 242, 1),
(3325, '2019-11-04', 26, 2),
(3326, '2019-11-04', 12, 3),
(3327, '2019-11-04', 94, 1),
(3328, '2019-11-04', 256, 1),
(3329, '2019-11-04', 40, 2),
(3330, '2019-11-04', 200, 1),
(3331, '2019-11-04', 92, 1),
(3332, '2019-11-04', 142, 1),
(3333, '2019-11-04', 77, 2),
(3334, '2019-11-04', 59, 2),
(3335, '2019-11-04', 262, 1),
(3336, '2019-11-04', 174, 1),
(3337, '2019-11-04', 242, 1),
(3338, '2019-11-04', 214, 2),
(3339, '2019-11-04', 133, 2),
(3340, '2019-11-04', 26, 2),
(3341, '2019-11-04', 34, 1),
(3342, '2019-11-04', 13, 2),
(3343, '2019-11-04', 61, 2),
(3344, '2019-11-04', 54, 1),
(3345, '2019-11-05', 237, 1),
(3346, '2019-11-05', 140, 1),
(3347, '2019-11-05', 107, 1),
(3348, '2019-11-05', 62, 1),
(3349, '2019-11-05', 214, 1),
(3350, '2019-11-05', 69, 2),
(3351, '2019-11-05', 256, 1),
(3352, '2019-11-05', 200, 2),
(3353, '2019-11-05', 29, 2),
(3354, '2019-11-05', 200, 2),
(3355, '2019-11-05', 214, 1),
(3356, '2019-12-05', 133, 2),
(3357, '2019-11-05', 242, 1),
(3358, '2019-11-05', 193, 1),
(3359, '2019-11-05', 48, 1),
(3360, '2019-11-05', 147, 1),
(3361, '2019-11-05', 162, 1),
(3362, '2019-11-05', 102, 1),
(3363, '2019-11-05', 150, 1),
(3364, '2019-11-05', 20, 2),
(3365, '2019-11-05', 133, 4),
(3366, '2019-11-05', 242, 1),
(3367, '2019-11-05', 69, 1),
(3368, '2019-11-09', 64, 1),
(3369, '2019-11-09', 178, 2),
(3370, '2019-11-09', 40, 2),
(3371, '2019-11-09', 130, 1),
(3372, '2019-11-09', 179, 1),
(3373, '2019-11-09', 165, 1),
(3374, '2019-11-09', 17, 2),
(3375, '2019-11-09', 133, 3),
(3376, '2019-11-09', 64, 1),
(3377, '2019-11-09', 4, 1),
(3378, '2019-11-09', 54, 1),
(3379, '2019-09-11', 119, 1),
(3380, '2019-11-09', 23, 1),
(3381, '2019-11-09', 66, 1),
(3382, '2019-11-09', 60, 2),
(3383, '2019-11-09', 5, 2),
(3384, '2019-11-09', 165, 1),
(3385, '2019-11-09', 23, 1),
(3386, '2019-11-09', 133, 1),
(3387, '2019-11-09', 20, 1),
(3388, '2019-11-09', 179, 1),
(3389, '2019-11-11', 250, 3),
(3390, '2019-11-11', 196, 2),
(3391, '2019-11-11', 73, 3),
(3392, '2019-11-11', 26, 2),
(3393, '2019-11-11', 16, 3),
(3394, '2019-11-11', 133, 3),
(3395, '2019-11-11', 23, 2),
(3396, '2019-11-11', 254, 2),
(3397, '2019-11-11', 255, 1),
(3398, '2019-11-11', 16, 2),
(3399, '2019-11-11', 55, 1),
(3400, '2019-11-11', 54, 1),
(3401, '2019-11-14', 95, 1),
(3402, '2019-11-14', 55, 1),
(3403, '2019-11-14', 138, 2),
(3404, '2019-11-14', 257, 1),
(3405, '2019-11-14', 232, 1),
(3406, '2019-11-14', 20, 1),
(3407, '2019-11-14', 138, 1),
(3408, '2019-11-14', 263, 1),
(3409, '2019-11-14', 168, 1),
(3410, '2019-11-14', 130, 1),
(3411, '2019-11-14', 66, 1),
(3412, '2019-11-14', 88, 2),
(3413, '2019-11-14', 247, 1),
(3414, '2019-11-14', 108, 1),
(3415, '2019-11-14', 55, 2),
(3416, '2019-11-14', 26, 2),
(3417, '2019-11-14', 65, 2),
(3418, '2019-11-14', 23, 2),
(3419, '2019-11-14', 133, 2),
(3420, '2019-11-14', 247, 1),
(3421, '2019-11-14', 196, 1),
(3422, '2019-11-15', 82, 1),
(3423, '2019-11-15', 73, 6),
(3424, '2019-11-15', 9, 4),
(3425, '2019-11-15', 23, 1),
(3426, '2019-11-15', 133, 1),
(3427, '2019-11-15', 20, 1),
(3428, '2019-11-15', 188, 1),
(3429, '2019-11-15', 92, 1),
(3430, '2019-11-15', 9, 5),
(3431, '2019-11-15', 60, 1),
(3432, '2019-11-15', 40, 1),
(3433, '2019-11-15', 254, 1),
(3434, '2019-11-15', 264, 2),
(3435, '2019-11-15', 19, 1),
(3436, '2019-11-15', 37, 1),
(3437, '2019-11-15', 196, 1),
(3438, '2019-11-16', 250, 1),
(3439, '2019-11-16', 127, 1),
(3440, '2019-11-16', 164, 2),
(3441, '2019-11-16', 250, 1),
(3442, '2019-11-16', 61, 5),
(3443, '2019-11-16', 265, 1),
(3444, '2019-11-16', 165, 1),
(3445, '2019-11-16', 196, 2),
(3446, '2019-11-16', 237, 3),
(3447, '2019-11-16', 48, 1),
(3448, '2019-11-16', 119, 1),
(3449, '2019-11-16', 262, 1),
(3450, '2019-11-16', 133, 1),
(3451, '2019-11-16', 196, 1),
(3452, '2019-11-16', 54, 1),
(3453, '2019-11-16', 138, 1),
(3454, '2019-11-16', 13, 1),
(3455, '2019-11-19', 3, 4),
(3456, '2019-11-19', 228, 1),
(3457, '2019-11-19', 16, 3),
(3458, '2019-11-19', 69, 2),
(3459, '2019-11-19', 133, 2),
(3460, '2019-11-19', 20, 2),
(3461, '2019-11-19', 54, 1),
(3462, '2019-11-19', 138, 1),
(3463, '2019-11-19', 133, 3),
(3464, '2019-11-19', 107, 1),
(3465, '2019-11-19', 84, 1),
(3466, '2019-11-19', 148, 1),
(3467, '2019-11-19', 80, 1),
(3468, '2019-11-19', 162, 1),
(3469, '2019-11-19', 172, 1),
(3470, '2019-11-19', 13, 5),
(3471, '2019-11-19', 88, 2),
(3472, '2019-11-19', 19, 1),
(3473, '2019-11-19', 5, 1),
(3474, '2019-11-19', 13, 1),
(3475, '2019-11-23', 148, 4),
(3476, '2019-11-23', 31, 1),
(3477, '2019-11-23', 214, 2),
(3478, '2019-11-23', 254, 2),
(3479, '2019-11-23', 255, 1),
(3480, '2019-11-23', 39, 1),
(3481, '2019-11-23', 88, 2),
(3482, '2019-11-23', 133, 3),
(3483, '2019-11-23', 3, 1),
(3484, '2019-11-23', 16, 2),
(3485, '2019-11-23', 60, 2),
(3486, '2019-11-23', 229, 1),
(3487, '2019-11-23', 76, 2),
(3488, '2019-11-23', 214, 1),
(3489, '2019-11-23', 8, 2),
(3490, '2019-11-27', 16, 2),
(3491, '2019-11-27', 61, 2),
(3492, '2019-11-27', 26, 1),
(3493, '2019-11-27', 45, 1),
(3494, '2019-11-27', 2, 1),
(3495, '2019-11-27', 16, 3),
(3496, '2019-11-27', 32, 1),
(3497, '2019-11-27', 42, 1),
(3498, '2019-11-27', 61, 1),
(3499, '2019-11-27', 119, 1),
(3500, '2019-11-27', 8, 2),
(3501, '2019-11-27', 266, 1),
(3502, '2019-11-27', 25, 1),
(3503, '2019-11-27', 113, 1),
(3504, '2019-11-27', 42, 1),
(3505, '2019-11-27', 116, 1),
(3506, '2019-11-27', 247, 1),
(3507, '2019-11-27', 133, 2),
(3508, '2019-11-27', 61, 1),
(3509, '2019-11-27', 221, 1),
(3510, '2019-11-27', 26, 1),
(3511, '2019-11-27', 1, 1),
(3512, '2019-11-27', 16, 1),
(3513, '2019-11-27', 114, 1),
(3514, '2019-11-29', 45, 1),
(3515, '2019-11-29', 73, 2),
(3516, '2019-11-29', 148, 3),
(3517, '2019-11-29', 16, 1),
(3518, '2019-11-29', 7, 2),
(3519, '2019-12-02', 30, 3),
(3520, '2019-12-02', 54, 2),
(3521, '2019-12-02', 232, 1),
(3522, '2019-12-02', 235, 1),
(3523, '2019-12-02', 76, 1),
(3524, '2019-12-02', 214, 2),
(3525, '2019-12-02', 131, 1),
(3526, '2019-12-02', 60, 5),
(3527, '2019-12-02', 127, 2),
(3528, '2019-12-02', 77, 1),
(3529, '2019-12-02', 148, 2),
(3530, '2019-12-02', 224, 2),
(3531, '2019-12-02', 62, 1),
(3532, '2019-12-02', 149, 1),
(3533, '2019-12-02', 61, 2),
(3534, '2019-12-02', 133, 3),
(3535, '2019-12-02', 200, 2),
(3536, '2019-12-03', 214, 2),
(3537, '2019-12-03', 30, 2),
(3538, '2019-12-03', 40, 1),
(3539, '2019-12-03', 66, 6),
(3540, '2019-12-03', 61, 2),
(3541, '2019-12-03', 133, 2),
(3542, '2019-12-03', 25, 5),
(3543, '2019-12-03', 55, 2),
(3544, '2019-12-03', 61, 1),
(3545, '2019-12-03', 232, 1),
(3546, '2019-12-03', 81, 1),
(3547, '2019-12-03', 19, 1),
(3548, '2019-12-03', 26, 1),
(3549, '2019-12-03', 55, 2),
(3550, '2019-12-03', 12, 1),
(3551, '2019-12-03', 179, 1),
(3552, '2019-12-03', 200, 2),
(3553, '2019-12-03', 247, 1),
(3554, '2019-12-03', 237, 1),
(3555, '2019-12-04', 4, 1),
(3556, '2019-12-04', 25, 1),
(3557, '2019-12-04', 188, 1),
(3558, '2019-12-04', 40, 2),
(3559, '2019-12-04', 62, 1),
(3560, '2019-12-04', 133, 2),
(3561, '2019-12-04', 141, 2),
(3562, '2019-12-04', 200, 2),
(3563, '2019-12-04', 182, 1),
(3564, '2019-12-04', 48, 1),
(3565, '2019-12-04', 61, 1),
(3566, '2019-12-04', 182, 1),
(3567, '2019-12-04', 165, 1),
(3568, '2019-12-04', 12, 1),
(3569, '2019-12-04', 62, 1),
(3570, '2019-12-04', 113, 1),
(3571, '2019-12-04', 7, 1),
(3572, '2019-12-04', 179, 1),
(3573, '2019-12-04', 40, 2),
(3574, '2019-12-04', 149, 1),
(3575, '2019-12-04', 77, 1),
(3576, '2019-12-04', 54, 1),
(3577, '2019-12-07', 23, 1),
(3578, '2019-12-07', 13, 1),
(3579, '2019-12-07', 44, 1),
(3580, '2019-12-07', 133, 10),
(3581, '2019-12-07', 20, 1),
(3582, '2019-12-07', 165, 1),
(3583, '2019-12-07', 171, 1),
(3584, '2019-12-07', 23, 2),
(3585, '2019-12-07', 214, 1),
(3586, '2019-12-07', 148, 1),
(3587, '2019-12-07', 258, 1),
(3588, '2019-12-07', 127, 1),
(3589, '2019-12-07', 17, 1),
(3590, '2019-12-07', 5, 1),
(3591, '2019-12-07', 64, 1),
(3592, '2019-12-07', 16, 2),
(3593, '2019-12-07', 76, 1),
(3594, '2019-12-07', 55, 1),
(3595, '2019-12-07', 264, 1),
(3596, '2019-12-07', 255, 1),
(3597, '2019-12-07', 254, 1),
(3598, '2019-12-07', 140, 1),
(3599, '2019-12-09', 32, 1),
(3600, '2019-12-09', 52, 3),
(3601, '2019-12-09', 18, 1),
(3602, '2019-12-09', 242, 3),
(3603, '2019-12-09', 61, 1),
(3604, '2019-12-09', 42, 2),
(3605, '2019-12-09', 194, 1),
(3606, '2019-12-09', 247, 2),
(3607, '2019-12-09', 54, 2),
(3608, '2019-12-09', 17, 1),
(3609, '2019-12-09', 61, 1),
(3610, '2019-12-09', 48, 1),
(3611, '2019-12-09', 256, 1),
(3612, '2019-12-09', 147, 1),
(3613, '2019-12-09', 12, 1),
(3614, '2019-12-09', 138, 1),
(3615, '2019-12-09', 195, 1),
(3616, '2019-12-09', 26, 1),
(3617, '2019-12-09', 214, 1),
(3618, '2019-12-09', 69, 1),
(3619, '2019-12-09', 23, 1),
(3620, '2019-12-09', 61, 3),
(3621, '2019-12-09', 5, 1),
(3622, '2019-12-09', 21, 1),
(3623, '2019-12-09', 75, 1),
(3624, '2019-12-09', 32, 1),
(3625, '2019-12-12', 214, 1),
(3626, '2019-12-12', 49, 1),
(3627, '2019-12-12', 237, 2),
(3628, '2019-12-12', 88, 2),
(3629, '2019-12-12', 130, 1),
(3630, '2019-12-12', 3, 1),
(3631, '2019-12-12', 150, 3),
(3632, '2019-12-12', 96, 1),
(3633, '2019-12-12', 133, 2),
(3634, '2019-12-12', 133, 2),
(3635, '2019-12-12', 69, 2),
(3636, '2019-12-12', 61, 1),
(3637, '2019-12-12', 48, 1),
(3638, '2019-12-12', 20, 1),
(3639, '2019-12-12', 76, 1),
(3640, '2019-12-12', 32, 1),
(3641, '2019-12-12', 59, 1),
(3642, '2019-12-12', 83, 1),
(3643, '2019-12-12', 24, 1),
(3644, '2019-12-12', 55, 1),
(3645, '2019-12-12', 54, 1),
(3646, '2019-12-12', 13, 5),
(3647, '2019-12-12', 138, 1),
(3648, '2019-12-12', 194, 1),
(3649, '2019-12-12', 242, 1),
(3650, '2019-12-13', 64, 2),
(3651, '2019-12-13', 119, 1),
(3652, '2019-12-13', 214, 1),
(3653, '2019-12-13', 3, 1),
(3654, '2019-12-13', 77, 1),
(3655, '2019-12-13', 267, 1),
(3656, '2019-12-13', 76, 1),
(3657, '2019-12-13', 14, 1),
(3658, '2019-12-13', 24, 1),
(3659, '2019-12-13', 55, 1),
(3660, '2019-12-13', 54, 1),
(3661, '2019-12-13', 13, 1),
(3662, '2019-12-13', 49, 1),
(3663, '2019-12-13', 268, 1),
(3664, '2019-12-13', 54, 1),
(3665, '2019-12-13', 130, 1),
(3666, '2019-12-13', 4, 1),
(3667, '2019-12-13', 16, 1),
(3668, '2019-12-13', 61, 1),
(3669, '2019-12-13', 13, 1),
(3670, '2019-12-17', 237, 1),
(3671, '2019-12-17', 13, 2),
(3672, '2019-12-17', 55, 1),
(3673, '2019-12-17', 127, 1),
(3674, '2019-12-17', 77, 1),
(3675, '2019-12-17', 94, 1),
(3676, '2019-12-17', 81, 1),
(3677, '2019-12-17', 44, 1),
(3678, '2019-12-17', 242, 1),
(3679, '2019-12-17', 19, 1),
(3680, '2019-12-17', 54, 1),
(3681, '2019-12-17', 59, 2),
(3682, '2019-12-17', 242, 1),
(3683, '2019-12-17', 55, 1),
(3684, '2019-12-17', 61, 2),
(3685, '2019-12-17', 12, 1),
(3686, '2019-12-17', 252, 1),
(3687, '2019-12-17', 229, 1),
(3688, '2019-12-17', 8, 3),
(3689, '2019-12-17', 55, 1),
(3690, '2019-12-17', 20, 1),
(3691, '2019-12-17', 13, 2),
(3692, '2019-12-17', 133, 1),
(3693, '2019-12-17', 16, 1),
(3694, '2019-12-21', 183, 1),
(3695, '2019-12-21', 219, 1),
(3696, '2019-12-21', 19, 1),
(3697, '2019-12-21', 37, 1),
(3698, '2019-12-21', 3, 1),
(3699, '2019-12-21', 172, 1),
(3700, '2019-12-21', 214, 1),
(3701, '2019-12-21', 167, 1),
(3702, '2019-12-21', 60, 2),
(3703, '2019-12-21', 55, 1),
(3704, '2019-12-21', 20, 2),
(3705, '2019-12-21', 61, 1),
(3706, '2019-12-21', 54, 1),
(3707, '2019-12-21', 64, 1),
(3708, '2019-12-21', 12, 2);
INSERT INTO `barang_masuk` (`id_masuk`, `tanggal`, `id_produk`, `jumlah`) VALUES
(3709, '2019-12-21', 140, 1),
(3710, '2019-12-21', 185, 1),
(3711, '2019-12-21', 247, 1),
(3712, '2019-12-21', 133, 1),
(3713, '2019-12-21', 138, 1),
(3714, '2019-12-21', 3, 1),
(3715, '2019-12-21', 59, 1),
(3716, '2019-12-21', 23, 1),
(3717, '2019-12-21', 191, 1),
(3718, '2019-12-21', 65, 1),
(3719, '2019-12-21', 228, 1),
(3720, '2019-12-23', 156, 1),
(3721, '2019-12-23', 30, 1),
(3722, '2019-12-23', 247, 1),
(3723, '2019-12-23', 146, 1),
(3724, '2019-12-23', 23, 2),
(3725, '2019-12-23', 232, 1),
(3726, '2019-12-23', 127, 2),
(3727, '2019-12-23', 164, 2),
(3728, '2019-12-23', 61, 1),
(3729, '2019-12-23', 20, 1),
(3730, '2019-12-23', 12, 1),
(3731, '2019-12-23', 133, 2),
(3732, '2019-12-23', 60, 1),
(3733, '2019-12-23', 12, 1),
(3734, '2019-12-23', 161, 1),
(3735, '2019-12-23', 259, 1),
(3736, '2019-12-23', 247, 1),
(3737, '2019-12-27', 16, 1),
(3738, '2019-12-27', 1, 1),
(3739, '2019-12-27', 2, 1),
(3740, '2019-12-27', 73, 1),
(3741, '2019-12-27', 20, 1),
(3742, '2019-12-27', 198, 2),
(3743, '2019-12-27', 61, 3),
(3744, '2019-12-27', 62, 1),
(3745, '2019-12-27', 62, 1),
(3746, '2019-12-27', 247, 1),
(3747, '2019-12-27', 2, 1),
(3748, '2019-12-27', 20, 2),
(3749, '2019-12-27', 16, 1),
(3750, '2019-12-27', 23, 1),
(3751, '2019-12-27', 59, 1),
(3752, '2019-12-27', 229, 1),
(3753, '2019-12-27', 54, 2),
(3754, '2019-12-27', 198, 1),
(3755, '2019-12-27', 60, 1),
(3756, '2019-12-27', 62, 1),
(3757, '2019-12-27', 55, 1),
(3758, '2019-12-27', 26, 1),
(3759, '2019-12-27', 42, 1),
(3760, '2019-12-27', 133, 1),
(3761, '2020-01-03', 188, 1),
(3762, '2020-01-03', 42, 1),
(3763, '2020-01-03', 63, 1),
(3764, '2020-01-03', 65, 1),
(3765, '2020-01-03', 64, 2),
(3766, '2020-01-03', 164, 2),
(3767, '2020-01-03', 269, 1),
(3768, '2020-01-03', 23, 1),
(3769, '2020-01-03', 77, 1),
(3770, '2020-01-03', 161, 1),
(3771, '2020-01-03', 148, 2),
(3772, '2020-01-03', 165, 1),
(3773, '2020-01-03', 214, 2),
(3774, '2020-01-03', 247, 1),
(3775, '2020-01-03', 77, 1),
(3776, '2020-01-03', 161, 1),
(3777, '2020-01-03', 229, 2),
(3778, '2020-01-03', 54, 2),
(3779, '2020-01-03', 61, 3),
(3780, '2020-01-03', 13, 1),
(3781, '2020-01-03', 12, 1),
(3782, '2020-01-03', 2, 1),
(3783, '2020-01-03', 13, 5),
(3784, '2020-01-03', 55, 1),
(3785, '2020-01-03', 26, 1),
(3786, '2020-01-03', 127, 1),
(3787, '2020-01-04', 133, 5),
(3788, '2020-01-04', 133, 4),
(3789, '2020-01-04', 69, 1),
(3790, '2020-01-04', 214, 1),
(3791, '2020-01-04', 148, 5),
(3792, '2020-01-04', 193, 1),
(3793, '2020-01-04', 194, 1),
(3794, '2020-01-04', 23, 1),
(3795, '2020-01-04', 73, 2),
(3796, '2020-01-04', 40, 2),
(3797, '2020-01-04', 55, 2),
(3798, '2020-01-04', 256, 1),
(3799, '2020-01-04', 12, 2),
(3800, '2020-01-04', 80, 1),
(3801, '2020-01-04', 76, 1),
(3802, '2020-01-04', 84, 1),
(3803, '2020-01-04', 138, 1),
(3804, '2020-01-04', 113, 1),
(3805, '2020-01-04', 60, 2),
(3806, '2020-01-04', 88, 3),
(3807, '2020-01-04', 129, 1),
(3808, '2020-01-04', 23, 1),
(3809, '2020-01-04', 127, 2),
(3810, '2020-01-04', 165, 1),
(3811, '2020-01-06', 44, 1),
(3812, '2020-01-06', 55, 1),
(3813, '2020-01-06', 26, 1),
(3814, '2020-01-06', 128, 1),
(3815, '2020-01-06', 61, 3),
(3816, '2020-01-06', 73, 1),
(3817, '2020-01-06', 108, 2),
(3818, '2020-01-06', 77, 1),
(3819, '2020-01-06', 198, 3),
(3820, '2020-01-06', 194, 1),
(3821, '2020-01-06', 201, 1),
(3822, '2020-01-06', 102, 1),
(3823, '2020-01-06', 17, 1),
(3824, '2020-01-06', 88, 2),
(3825, '2020-01-06', 3, 1),
(3826, '2020-01-06', 269, 1),
(3827, '2020-01-06', 76, 1),
(3828, '2020-01-06', 133, 1),
(3829, '2020-01-06', 133, 4),
(3830, '2020-01-06', 123, 1),
(3831, '2020-01-07', 269, 1),
(3832, '2020-01-07', 40, 3),
(3833, '2020-01-07', 102, 2),
(3834, '2020-01-07', 270, 1),
(3835, '2020-01-07', 256, 2),
(3836, '2020-01-07', 133, 5),
(3837, '2020-01-07', 231, 1),
(3838, '2020-01-07', 209, 2),
(3839, '2020-01-07', 65, 1),
(3840, '2020-01-07', 138, 1),
(3841, '2020-01-07', 66, 1),
(3842, '2020-01-07', 182, 1),
(3843, '2020-01-07', 55, 1),
(3844, '2020-01-07', 26, 1),
(3845, '2020-01-07', 20, 1),
(3846, '2020-01-07', 24, 1),
(3847, '2020-01-07', 60, 2),
(3848, '2020-01-07', 33, 2),
(3849, '2020-01-07', 14, 2),
(3850, '2020-01-07', 18, 2),
(3851, '2020-01-07', 80, 2),
(3852, '2020-01-10', 40, 1),
(3853, '2020-01-10', 133, 1),
(3854, '2020-01-10', 167, 1),
(3855, '2020-01-10', 198, 1),
(3856, '2020-01-10', 61, 2),
(3857, '2020-01-10', 59, 1),
(3858, '2020-01-10', 70, 1),
(3859, '2020-01-10', 61, 2),
(3860, '2020-01-10', 55, 1),
(3861, '2020-01-10', 40, 1),
(3862, '2020-01-10', 260, 1),
(3863, '2020-01-10', 26, 1),
(3864, '2020-01-10', 61, 3),
(3865, '2020-01-10', 16, 2),
(3866, '2020-01-10', 1, 3),
(3867, '2020-01-10', 20, 2),
(3868, '2020-01-10', 237, 1),
(3869, '2020-01-10', 19, 1),
(3870, '2020-01-10', 37, 1),
(3871, '2020-01-10', 23, 1),
(3872, '2020-01-10', 67, 1),
(3873, '2020-01-10', 101, 1),
(3874, '2020-01-10', 128, 1),
(3875, '2020-01-10', 88, 2),
(3876, '2020-01-10', 32, 2),
(3877, '2020-01-10', 25, 1),
(3878, '2020-01-10', 124, 1),
(3879, '2020-01-10', 138, 1),
(3880, '2020-01-10', 113, 1),
(3881, '2020-01-10', 193, 1),
(3882, '2020-01-13', 54, 4),
(3883, '2020-01-13', 133, 1),
(3884, '2020-01-13', 60, 3),
(3885, '2020-01-13', 179, 1),
(3886, '2020-01-13', 4, 1),
(3887, '2020-01-13', 77, 1),
(3888, '2020-01-13', 237, 2),
(3889, '2020-01-13', 23, 3),
(3890, '2020-01-13', 16, 8),
(3891, '2020-01-13', 158, 1),
(3892, '2020-01-13', 16, 4),
(3893, '2020-01-13', 60, 3),
(3894, '2020-01-13', 55, 1),
(3895, '2020-01-13', 26, 1),
(3896, '2020-01-13', 2, 1),
(3897, '2020-01-14', 172, 1),
(3898, '2020-01-14', 31, 2),
(3899, '2020-01-14', 84, 1),
(3900, '2020-01-14', 25, 1),
(3901, '2020-01-14', 69, 2),
(3902, '2020-01-14', 77, 1),
(3903, '2020-01-14', 256, 2),
(3904, '2020-01-14', 25, 1),
(3905, '2020-01-14', 76, 2),
(3906, '2020-01-14', 158, 1),
(3907, '2020-01-14', 88, 2),
(3908, '2020-01-14', 64, 1),
(3909, '2020-01-14', 247, 1),
(3910, '2020-01-14', 133, 1),
(3911, '2020-01-14', 93, 1),
(3912, '2020-01-14', 214, 1),
(3913, '2020-01-14', 54, 1),
(3914, '2020-01-14', 256, 1),
(3915, '2020-01-14', 65, 1),
(3916, '2020-01-14', 40, 1),
(3917, '2020-01-14', 162, 1),
(3918, '2020-01-14', 3, 1),
(3919, '2020-01-17', 23, 1),
(3920, '2020-01-17', 69, 1),
(3921, '2020-01-17', 54, 1),
(3922, '2020-01-17', 142, 1),
(3923, '2020-01-17', 168, 1),
(3924, '2020-01-17', 183, 1),
(3925, '2020-01-17', 23, 2),
(3926, '2020-01-17', 54, 2),
(3927, '2020-01-17', 2, 2),
(3928, '2020-01-17', 138, 2),
(3929, '2020-01-17', 207, 1),
(3930, '2020-01-17', 133, 3),
(3931, '2020-01-17', 46, 1),
(3932, '2020-01-17', 59, 1),
(3933, '2020-01-17', 229, 1),
(3934, '2020-01-17', 154, 1),
(3935, '2020-01-17', 31, 1),
(3936, '2020-01-17', 133, 3),
(3937, '2020-01-17', 67, 1),
(3938, '2020-01-17', 55, 1),
(3939, '2020-01-20', 229, 2),
(3940, '2020-01-20', 148, 3),
(3941, '2020-01-20', 268, 1),
(3942, '2020-01-20', 207, 2),
(3943, '2020-01-20', 2, 3),
(3944, '2020-01-20', 61, 7),
(3945, '2020-01-20', 19, 1),
(3946, '2020-01-20', 269, 2),
(3947, '2020-01-20', 82, 1),
(3948, '2020-01-20', 54, 3),
(3949, '2020-01-20', 34, 3),
(3950, '2020-01-20', 62, 1),
(3951, '2020-01-20', 61, 2),
(3952, '2020-01-20', 196, 1),
(3953, '2020-01-20', 108, 1),
(3954, '2020-01-20', 200, 1),
(3955, '2020-01-20', 13, 1),
(3956, '2020-01-22', 258, 1),
(3957, '2020-01-22', 65, 2),
(3958, '2020-01-22', 117, 1),
(3959, '2020-01-22', 25, 2),
(3960, '2020-01-22', 12, 1),
(3961, '2020-01-22', 21, 1),
(3962, '2020-01-22', 138, 2),
(3963, '2020-01-22', 48, 1),
(3964, '2020-01-22', 95, 1),
(3965, '2020-01-22', 17, 1),
(3966, '2020-01-22', 148, 1),
(3967, '2020-01-22', 20, 1),
(3968, '2020-01-22', 229, 1),
(3969, '2020-01-22', 95, 1),
(3970, '2020-01-22', 54, 1),
(3971, '2020-01-22', 165, 1),
(3972, '2020-01-22', 218, 1),
(3973, '2020-01-22', 164, 1),
(3974, '2020-01-22', 20, 1),
(3975, '2020-01-22', 22, 1),
(3976, '2020-01-22', 20, 2),
(3977, '2020-01-22', 7, 2),
(3978, '2020-01-22', 29, 1),
(3979, '2020-01-22', 148, 3),
(3980, '2020-01-22', 40, 1),
(3981, '2020-01-22', 73, 1),
(3982, '2020-01-22', 165, 1),
(3983, '2020-01-22', 69, 1),
(3984, '2020-01-22', 23, 1),
(3985, '2020-01-30', 16, 2),
(3986, '2020-01-30', 133, 2),
(3987, '2020-01-30', 127, 1),
(3988, '2020-01-30', 4, 1),
(3989, '2020-01-30', 73, 1),
(3990, '2020-01-30', 25, 1),
(3991, '2020-01-30', 55, 1),
(3992, '2020-01-30', 271, 1),
(3993, '2020-01-30', 25, 1),
(3994, '2020-01-30', 61, 1),
(3995, '2020-01-30', 1, 1),
(3996, '2020-01-30', 20, 1),
(3997, '2020-01-30', 183, 1),
(3998, '2020-01-30', 200, 1),
(3999, '2020-01-30', 55, 1),
(4000, '2020-02-03', 73, 1),
(4001, '2020-02-03', 61, 3),
(4002, '2020-02-03', 54, 2),
(4003, '2020-02-03', 247, 1),
(4004, '2020-02-03', 133, 2),
(4005, '2020-02-03', 64, 1),
(4006, '2020-02-03', 272, 1),
(4007, '2020-02-03', 127, 1),
(4008, '2020-02-03', 105, 1),
(4009, '2020-02-03', 179, 3),
(4010, '2020-02-03', 69, 1),
(4011, '2020-02-03', 76, 1),
(4012, '2020-02-03', 256, 2),
(4013, '2020-02-03', 66, 1),
(4014, '2020-02-03', 127, 1),
(4015, '2020-02-03', 172, 1),
(4016, '2020-02-03', 3, 1),
(4017, '2020-02-03', 187, 1),
(4018, '2020-02-03', 60, 4),
(4019, '2020-02-03', 77, 1),
(4020, '2020-02-03', 273, 1),
(4021, '2020-02-03', 65, 2),
(4022, '2020-02-03', 127, 1),
(4023, '2020-02-03', 173, 1),
(4024, '2020-02-03', 12, 1),
(4025, '2020-02-03', 64, 1),
(4026, '2020-02-03', 168, 1),
(4027, '2020-02-03', 59, 1),
(4028, '2020-02-03', 6, 1),
(4029, '2020-02-03', 148, 1),
(4030, '2020-02-03', 54, 2),
(4031, '2020-02-03', 61, 2),
(4032, '2020-02-03', 13, 10),
(4033, '2020-02-03', 133, 1),
(4034, '2020-02-05', 273, 1),
(4035, '2020-02-05', 62, 1),
(4036, '2020-02-05', 77, 1),
(4037, '2020-02-05', 4, 1),
(4038, '2020-02-05', 33, 1),
(4039, '2020-02-05', 133, 1),
(4040, '2020-02-05', 106, 1),
(4041, '2020-02-05', 12, 1),
(4042, '2020-02-05', 7, 2),
(4043, '2020-02-05', 54, 3),
(4044, '2020-02-05', 12, 2),
(4045, '2020-02-05', 76, 1),
(4046, '2020-02-05', 65, 2),
(4047, '2020-02-05', 64, 1),
(4048, '2020-02-05', 61, 3),
(4049, '2020-02-05', 84, 1),
(4050, '2020-02-05', 17, 1),
(4051, '2020-02-05', 15, 1),
(4052, '2020-02-05', 229, 1),
(4053, '2020-02-05', 148, 5),
(4054, '2020-02-05', 164, 1),
(4055, '2020-02-05', 247, 2),
(4056, '2020-02-05', 40, 2),
(4057, '2020-02-05', 133, 2),
(4058, '2020-02-05', 16, 3),
(4059, '2020-02-05', 256, 2),
(4060, '2020-02-05', 69, 2),
(4061, '2020-02-06', 214, 2),
(4062, '2020-02-06', 161, 1),
(4063, '2020-02-06', 114, 1),
(4064, '2020-02-06', 5, 3),
(4065, '2020-02-06', 81, 2),
(4066, '2020-02-06', 39, 3),
(4067, '2020-02-06', 194, 1),
(4068, '2020-02-06', 161, 5),
(4069, '2020-02-06', 102, 1),
(4070, '2020-02-06', 55, 2),
(4071, '2020-02-06', 138, 1),
(4072, '2020-02-06', 214, 1),
(4073, '2020-02-06', 60, 2),
(4074, '2020-02-06', 40, 2),
(4075, '2020-02-06', 49, 1),
(4076, '2020-02-08', 30, 2),
(4077, '2020-02-08', 156, 2),
(4078, '2020-02-08', 188, 1),
(4079, '2020-02-08', 40, 2),
(4080, '2020-02-08', 49, 2),
(4081, '2020-02-08', 214, 2),
(4082, '2020-02-08', 20, 1),
(4083, '2020-02-08', 26, 1),
(4084, '2020-02-08', 57, 2),
(4085, '2020-02-08', 182, 1),
(4086, '2020-02-08', 162, 1),
(4087, '2020-02-08', 274, 1),
(4088, '2020-02-08', 148, 2),
(4089, '2020-02-08', 1, 2),
(4090, '2020-02-08', 23, 2),
(4091, '2020-02-08', 37, 1),
(4092, '2020-02-08', 140, 1),
(4093, '2020-02-08', 107, 1),
(4094, '2020-02-08', 133, 2),
(4095, '2020-02-08', 26, 1),
(4096, '2020-02-08', 138, 1),
(4097, '2020-02-08', 8, 2),
(4098, '2020-02-10', 161, 10),
(4099, '2020-02-10', 73, 2),
(4100, '2020-02-10', 206, 1),
(4101, '2020-02-10', 192, 1),
(4102, '2020-02-10', 55, 2),
(4103, '2020-02-10', 188, 2),
(4104, '2020-02-10', 26, 1),
(4105, '2020-02-10', 24, 1),
(4106, '2020-02-10', 107, 1),
(4107, '2020-02-10', 60, 1),
(4108, '2020-02-10', 38, 1),
(4109, '2020-02-10', 54, 2),
(4110, '2020-02-10', 69, 1),
(4111, '2020-02-10', 5, 1),
(4112, '2020-02-10', 6, 1),
(4113, '2020-02-10', 47, 1),
(4114, '2020-02-10', 61, 1),
(4115, '2020-02-10', 7, 1),
(4116, '2020-02-10', 57, 1),
(4117, '2020-02-10', 15, 1),
(4118, '2020-02-10', 23, 1),
(4119, '2020-02-10', 133, 1),
(4120, '2020-02-10', 8, 1),
(4121, '2020-02-12', 77, 1),
(4122, '2020-02-12', 47, 2),
(4123, '2020-02-12', 19, 2),
(4124, '2020-02-12', 3, 1),
(4125, '2020-02-12', 82, 1),
(4126, '2020-02-12', 64, 1),
(4127, '2020-02-12', 65, 1),
(4128, '2020-02-12', 66, 1),
(4129, '2020-02-12', 127, 1),
(4130, '2020-02-12', 61, 3),
(4131, '2020-02-12', 133, 3),
(4132, '2020-02-12', 61, 5),
(4133, '2020-02-12', 197, 1),
(4134, '2020-02-12', 37, 1),
(4135, '2020-02-12', 127, 1),
(4136, '2020-02-12', 275, 1),
(4137, '2020-02-12', 16, 1),
(4138, '2020-02-12', 1, 1),
(4139, '2020-02-12', 49, 1),
(4140, '2020-02-17', 62, 1),
(4141, '2020-02-17', 140, 1),
(4142, '2020-02-17', 25, 1),
(4143, '2020-02-17', 237, 3),
(4144, '2020-02-17', 54, 1),
(4145, '2020-02-17', 256, 1),
(4146, '2020-02-17', 77, 1),
(4147, '2020-02-17', 16, 2),
(4148, '2020-02-17', 133, 2),
(4149, '2020-02-17', 159, 1),
(4150, '2020-02-17', 237, 2),
(4151, '2020-02-17', 7, 2),
(4152, '2020-02-17', 133, 2),
(4153, '2020-02-17', 138, 2),
(4154, '2020-02-17', 22, 2),
(4155, '2020-02-17', 113, 1),
(4156, '2020-02-17', 54, 2),
(4157, '2020-02-17', 162, 1),
(4158, '2020-02-17', 13, 2),
(4159, '2020-02-19', 123, 1),
(4160, '2020-02-19', 59, 1),
(4161, '2020-02-19', 133, 6),
(4162, '2020-02-19', 229, 2),
(4163, '2020-02-19', 102, 2),
(4164, '2020-02-19', 16, 3),
(4165, '2020-02-19', 17, 3),
(4166, '2020-02-19', 101, 1),
(4167, '2020-02-19', 256, 1),
(4168, '2020-02-19', 26, 1),
(4169, '2020-02-19', 258, 1),
(4170, '2020-02-19', 242, 1),
(4171, '2020-02-19', 172, 1),
(4172, '2020-02-19', 20, 1),
(4173, '2020-02-19', 60, 1),
(4174, '2020-02-19', 25, 2),
(4175, '2020-02-19', 16, 1),
(4176, '2020-02-19', 54, 1),
(4177, '2020-02-19', 133, 1),
(4178, '2020-02-19', 60, 1),
(4179, '2020-02-19', 47, 1),
(4180, '2020-02-24', 164, 1),
(4181, '2020-02-24', 42, 1),
(4182, '2020-02-24', 54, 1),
(4183, '2020-02-24', 133, 2),
(4184, '2020-02-24', 276, 1),
(4185, '2020-02-24', 12, 1),
(4186, '2020-02-24', 237, 2),
(4187, '2020-02-24', 127, 1),
(4188, '2020-02-24', 276, 1),
(4189, '2020-02-24', 73, 1),
(4190, '2020-02-24', 40, 1),
(4191, '2020-02-24', 13, 3),
(4192, '2020-02-24', 198, 1),
(4193, '2020-02-24', 277, 1),
(4194, '2020-02-24', 55, 1),
(4195, '2020-02-24', 25, 1),
(4196, '2020-02-24', 22, 1),
(4197, '2020-02-24', 161, 1),
(4198, '2020-02-24', 133, 2),
(4199, '2020-02-24', 54, 1),
(4200, '2020-02-24', 148, 2),
(4201, '2020-02-24', 33, 1),
(4202, '2020-02-28', 183, 1),
(4203, '2020-02-28', 73, 1),
(4204, '2020-02-28', 127, 1),
(4205, '2020-02-28', 278, 1),
(4206, '2020-02-28', 229, 2),
(4207, '2020-02-28', 55, 2),
(4208, '2020-02-28', 25, 1),
(4209, '2020-02-28', 133, 3),
(4210, '2020-02-28', 279, 1),
(4211, '2020-02-28', 76, 1),
(4212, '2020-02-28', 148, 2),
(4213, '2020-02-28', 40, 2),
(4214, '2020-02-28', 48, 1),
(4215, '2020-02-28', 16, 2),
(4216, '2020-03-02', 141, 1),
(4217, '2020-03-02', 214, 2),
(4218, '2020-03-02', 73, 3),
(4219, '2020-03-02', 208, 1),
(4220, '2020-03-02', 237, 1),
(4221, '2020-03-02', 159, 1),
(4222, '2020-03-02', 277, 1),
(4223, '2020-03-02', 64, 1),
(4224, '2020-03-02', 128, 1),
(4225, '2020-03-02', 133, 2),
(4226, '2020-03-02', 70, 1),
(4227, '2020-03-02', 61, 3),
(4228, '2020-03-02', 54, 2),
(4229, '2020-03-02', 108, 1),
(4230, '2020-03-02', 55, 1),
(4231, '2020-03-02', 22, 1),
(4232, '2020-03-02', 133, 1),
(4233, '2020-03-02', 30, 1),
(4234, '2020-03-02', 214, 1),
(4235, '2020-03-02', 23, 2),
(4236, '2020-03-02', 130, 1),
(4237, '2020-03-02', 64, 1),
(4238, '2020-03-02', 23, 1),
(4239, '2020-03-02', 26, 2),
(4240, '2020-03-03', 64, 1),
(4241, '2020-03-03', 88, 6),
(4242, '2020-03-03', 133, 2),
(4243, '2020-03-03', 40, 2),
(4244, '2020-03-03', 23, 2),
(4245, '2020-03-03', 260, 1),
(4246, '2020-03-03', 13, 5),
(4247, '2020-03-03', 16, 1),
(4248, '2020-03-03', 61, 1),
(4249, '2020-03-03', 113, 1),
(4250, '2020-03-03', 77, 1),
(4251, '2020-03-03', 36, 1),
(4252, '2020-03-03', 3, 1),
(4253, '2020-03-03', 177, 1),
(4254, '2020-03-03', 133, 2),
(4255, '2020-03-03', 22, 1),
(4256, '2020-03-03', 54, 2),
(4257, '2020-03-03', 32, 1),
(4258, '2020-03-03', 5, 1),
(4259, '2020-03-03', 196, 1),
(4260, '2020-03-03', 61, 2),
(4261, '2020-03-03', 84, 1),
(4262, '2020-03-03', 119, 1),
(4263, '2020-03-03', 217, 1),
(4264, '2020-03-03', 218, 1),
(4265, '2020-03-03', 69, 1),
(4266, '2020-03-03', 22, 2),
(4267, '2020-03-05', 65, 3),
(4268, '2020-03-05', 40, 2),
(4269, '2020-03-05', 12, 1),
(4270, '2020-03-05', 88, 1),
(4271, '2020-03-05', 77, 1),
(4272, '2020-03-05', 161, 1),
(4273, '2020-03-05', 65, 2),
(4274, '2020-03-05', 61, 2),
(4275, '2020-03-05', 62, 1),
(4276, '2020-03-05', 161, 2),
(4277, '2020-03-05', 196, 1),
(4278, '2020-03-05', 66, 1),
(4279, '2020-03-05', 19, 2),
(4280, '2020-03-05', 37, 1),
(4281, '2020-03-05', 217, 1),
(4282, '2020-03-05', 22, 1),
(4283, '2020-03-05', 82, 1),
(4284, '2020-03-05', 102, 1),
(4285, '2020-03-05', 69, 2),
(4286, '2020-03-05', 166, 1),
(4287, '2020-03-05', 55, 2),
(4288, '2020-03-05', 23, 2),
(4289, '2020-03-05', 18, 1),
(4290, '2020-03-05', 20, 1),
(4291, '2020-03-06', 133, 5),
(4292, '2020-03-06', 133, 5),
(4293, '2020-03-06', 61, 1),
(4294, '2020-03-06', 164, 1),
(4295, '2020-03-06', 49, 1),
(4296, '2020-03-06', 16, 3),
(4297, '2020-03-06', 23, 10),
(4298, '2020-03-06', 55, 6),
(4299, '2020-03-06', 49, 1),
(4300, '2020-03-06', 40, 2),
(4301, '2020-03-06', 149, 1),
(4302, '2020-03-06', 1, 2),
(4303, '2020-03-06', 106, 1),
(4304, '2020-03-06', 60, 1),
(4305, '2020-03-06', 7, 1),
(4306, '2020-03-06', 12, 1),
(4307, '2020-03-06', 32, 1),
(4308, '2020-03-10', 40, 3),
(4309, '2020-03-10', 61, 1),
(4310, '2020-03-10', 151, 1),
(4311, '2020-03-10', 207, 1),
(4312, '2020-03-10', 71, 1),
(4313, '2020-03-10', 250, 1),
(4314, '2020-03-10', 133, 1),
(4315, '2020-03-10', 40, 3),
(4316, '2020-03-10', 274, 1),
(4317, '2020-03-10', 87, 1),
(4318, '2020-03-10', 4, 1),
(4319, '2020-03-10', 54, 3),
(4320, '2020-03-10', 61, 2),
(4321, '2020-03-10', 23, 1),
(4322, '2020-03-10', 214, 1),
(4323, '2020-03-10', 13, 1),
(4324, '2020-03-10', 20, 1),
(4325, '2020-03-10', 61, 2),
(4326, '2020-03-10', 47, 1),
(4327, '2020-03-10', 134, 1),
(4328, '2020-03-10', 33, 1),
(4329, '2020-03-10', 183, 1),
(4330, '2020-03-10', 25, 1),
(4331, '2020-03-10', 19, 1),
(4332, '2020-03-10', 26, 1),
(4333, '2020-03-10', 65, 1),
(4334, '2020-03-10', 200, 1),
(4335, '2020-03-10', 258, 1),
(4336, '2020-03-10', 148, 1),
(4337, '2020-03-10', 60, 1),
(4338, '2020-03-13', 224, 1),
(4339, '2020-03-13', 59, 1),
(4340, '2020-03-13', 152, 1),
(4341, '2020-03-13', 280, 1),
(4342, '2020-03-13', 54, 1),
(4343, '2020-03-13', 200, 2),
(4344, '2020-03-13', 49, 1),
(4345, '2020-03-13', 7, 1),
(4346, '2020-03-13', 42, 1),
(4347, '2020-03-13', 37, 1),
(4348, '2020-03-13', 161, 2),
(4349, '2020-03-13', 129, 1),
(4350, '2020-03-13', 76, 1),
(4351, '2020-03-13', 198, 1),
(4352, '2020-03-13', 83, 1),
(4353, '2020-03-13', 49, 1),
(4354, '2020-03-13', 214, 1),
(4355, '2020-03-13', 13, 2),
(4356, '2020-03-13', 61, 3),
(4357, '2020-03-13', 19, 2),
(4358, '2020-03-13', 18, 1),
(4359, '2020-03-13', 133, 1),
(4360, '2020-03-16', 16, 2),
(4361, '2020-03-16', 21, 2),
(4362, '2020-03-16', 214, 1),
(4363, '2020-03-16', 20, 1),
(4364, '2020-03-16', 237, 2),
(4365, '2020-03-16', 54, 2),
(4366, '2020-03-16', 116, 2),
(4367, '2020-03-16', 90, 2),
(4368, '2020-03-16', 24, 2),
(4369, '2020-03-16', 61, 2),
(4370, '2020-03-16', 138, 1),
(4371, '2020-03-16', 65, 1),
(4372, '2020-03-16', 26, 1),
(4373, '2020-03-16', 158, 3),
(4374, '2020-03-16', 12, 1),
(4375, '2020-03-16', 88, 1),
(4376, '2020-03-16', 61, 2),
(4377, '2020-03-16', 138, 1),
(4378, '2020-03-16', 148, 2),
(4379, '2020-03-16', 25, 1),
(4380, '2020-03-16', 5, 1),
(4381, '2020-03-16', 60, 1),
(4382, '2020-03-20', 147, 1),
(4383, '2020-03-20', 55, 1),
(4384, '2020-03-20', 81, 1),
(4385, '2020-03-20', 7, 1),
(4386, '2020-03-20', 237, 1),
(4387, '2020-03-20', 214, 2),
(4388, '2020-03-20', 237, 1),
(4389, '2020-03-20', 133, 1),
(4390, '2020-03-20', 138, 1),
(4391, '2020-03-20', 133, 2),
(4392, '2020-03-20', 61, 2),
(4393, '2020-03-20', 140, 1),
(4394, '2020-03-20', 13, 3),
(4395, '2020-03-20', 19, 1),
(4396, '2020-03-20', 37, 1),
(4397, '2020-03-20', 49, 1),
(4398, '2020-03-20', 76, 1),
(4399, '2020-03-20', 134, 1),
(4400, '2020-03-20', 65, 1),
(4401, '2020-03-20', 88, 2),
(4402, '2020-03-20', 54, 2),
(4403, '2020-03-20', 172, 1),
(4404, '2020-03-30', 40, 3),
(4405, '2020-03-30', 54, 1),
(4406, '2020-03-30', 3, 1),
(4407, '2020-03-30', 133, 2),
(4408, '2020-03-30', 16, 1),
(4409, '2020-03-30', 12, 1),
(4410, '2020-03-30', 4, 1),
(4411, '2020-03-30', 73, 1),
(4412, '2020-03-30', 20, 1),
(4413, '2020-03-30', 188, 1),
(4414, '2020-03-30', 40, 2),
(4415, '2020-03-30', 20, 1),
(4416, '2020-03-30', 13, 2),
(4417, '2020-03-30', 106, 1),
(4418, '2020-03-30', 54, 1),
(4419, '2020-03-30', 5, 1),
(4420, '2020-03-30', 65, 1),
(4421, '2020-04-06', 64, 3),
(4422, '2020-04-06', 23, 3),
(4423, '2020-04-06', 26, 1),
(4424, '2020-04-06', 40, 5),
(4425, '2020-04-06', 234, 1),
(4426, '2020-04-06', 93, 1),
(4427, '2020-04-06', 275, 1),
(4428, '2020-04-06', 281, 1),
(4429, '2020-04-06', 282, 12),
(4430, '2020-04-06', 133, 5),
(4431, '2020-04-06', 13, 10),
(4432, '2020-04-06', 42, 1),
(4433, '2020-04-06', 77, 1),
(4434, '2020-04-06', 12, 1),
(4435, '2020-04-06', 76, 1),
(4436, '2020-04-06', 54, 2),
(4437, '2020-04-06', 16, 2),
(4438, '2020-04-06', 256, 1),
(4439, '2020-04-06', 69, 2),
(4440, '2020-04-06', 61, 2),
(4441, '2020-04-06', 133, 1),
(4442, '2020-04-06', 7, 1),
(4443, '2020-04-06', 65, 3),
(4444, '2020-04-06', 55, 1),
(4445, '2020-04-06', 26, 1),
(4446, '2020-04-06', 102, 1),
(4447, '2020-04-06', 148, 2),
(4448, '2020-04-06', 57, 2),
(4449, '2020-04-06', 214, 1),
(4450, '2020-04-06', 7, 2),
(4451, '2020-04-06', 23, 2),
(4452, '2020-04-06', 33, 1),
(4453, '2020-04-06', 12, 1),
(4454, '2020-04-06', 2, 1),
(4455, '2020-04-06', 33, 1),
(4456, '2020-04-07', 237, 1),
(4457, '2020-04-07', 16, 5),
(4458, '2020-04-07', 164, 1),
(4459, '2020-04-07', 162, 1),
(4460, '2020-04-07', 55, 2),
(4461, '2020-04-07', 24, 1),
(4462, '2020-04-07', 138, 1),
(4463, '2020-04-07', 256, 1),
(4464, '2020-04-07', 61, 2),
(4465, '2020-04-07', 168, 1),
(4466, '2020-04-07', 119, 1),
(4467, '2020-04-07', 36, 1),
(4468, '2020-04-07', 283, 1),
(4469, '2020-04-07', 69, 2),
(4470, '2020-04-07', 7, 3),
(4471, '2020-04-07', 76, 1),
(4472, '2020-04-07', 60, 2),
(4473, '2020-04-07', 196, 1),
(4474, '2020-04-07', 64, 1),
(4475, '2020-04-07', 214, 1),
(4476, '2020-04-07', 26, 1),
(4477, '2020-04-07', 17, 1),
(4478, '2020-04-07', 29, 2),
(4479, '2020-04-10', 59, 1),
(4480, '2020-04-10', 284, 1),
(4481, '2020-04-10', 150, 1),
(4482, '2020-04-10', 133, 5),
(4483, '2020-04-10', 55, 2),
(4484, '2020-04-10', 26, 1),
(4485, '2020-04-10', 73, 1),
(4486, '2020-04-10', 74, 1),
(4487, '2020-04-10', 138, 1),
(4488, '2020-04-10', 148, 1),
(4489, '2020-04-10', 133, 1),
(4490, '2020-04-10', 127, 1),
(4491, '2020-04-10', 39, 1),
(4492, '2020-04-10', 33, 1),
(4493, '2020-04-10', 7, 2),
(4494, '2020-04-10', 88, 2),
(4495, '2020-04-10', 39, 2),
(4496, '2020-04-10', 54, 2),
(4497, '2020-04-10', 99, 1),
(4498, '2020-04-10', 164, 2),
(4499, '2020-04-10', 66, 1),
(4500, '2020-04-10', 68, 1),
(4501, '2020-04-10', 36, 1),
(4502, '2020-04-10', 69, 1),
(4503, '2020-04-10', 15, 1),
(4504, '2020-04-10', 2, 1),
(4505, '2020-04-11', 117, 1),
(4506, '2020-04-11', 87, 1),
(4507, '2020-04-11', 137, 1),
(4508, '2020-04-11', 179, 1),
(4509, '2020-04-11', 61, 1),
(4510, '2020-04-11', 9, 1),
(4511, '2020-04-11', 24, 1),
(4512, '2020-04-11', 127, 1),
(4513, '2020-04-11', 55, 1),
(4514, '2020-04-11', 137, 1),
(4515, '2020-04-11', 88, 5),
(4516, '2020-04-11', 133, 5),
(4517, '2020-04-11', 19, 1),
(4518, '2020-04-11', 117, 1),
(4519, '2020-04-11', 99, 1),
(4520, '2020-04-11', 232, 1),
(4521, '2020-04-11', 174, 1),
(4522, '2020-04-11', 92, 1),
(4523, '2020-04-11', 207, 1),
(4524, '2020-04-11', 114, 1),
(4525, '2020-04-11', 237, 1),
(4526, '2020-04-14', 60, 1),
(4527, '2020-04-14', 54, 3),
(4528, '2020-04-14', 174, 1),
(4529, '2020-04-14', 217, 1),
(4530, '2020-04-14', 73, 2),
(4531, '2020-04-14', 172, 1),
(4532, '2020-04-14', 133, 5),
(4533, '2020-04-14', 61, 1),
(4534, '2020-04-14', 247, 1),
(4535, '2020-04-14', 214, 1),
(4536, '2020-04-14', 47, 1),
(4537, '2020-04-14', 125, 1),
(4538, '2020-04-14', 26, 1),
(4539, '2020-04-14', 148, 1),
(4540, '2020-04-14', 25, 1),
(4541, '2020-04-14', 102, 1),
(4542, '2020-04-14', 247, 1),
(4543, '2020-04-14', 20, 1),
(4544, '2020-04-14', 26, 1),
(4545, '2020-04-14', 55, 1),
(4546, '2020-04-14', 24, 1),
(4547, '2020-04-17', 32, 2),
(4548, '2020-04-17', 50, 1),
(4549, '2020-04-17', 40, 2),
(4550, '2020-04-17', 25, 2),
(4551, '2020-04-17', 64, 1),
(4552, '2020-04-17', 23, 1),
(4553, '2020-04-17', 229, 1),
(4554, '2020-04-17', 231, 1),
(4555, '2020-04-17', 92, 1),
(4556, '2020-04-17', 24, 1),
(4557, '2020-04-17', 26, 1),
(4558, '2020-04-17', 219, 1),
(4559, '2020-04-17', 250, 1),
(4560, '2020-04-17', 68, 1),
(4561, '2020-04-17', 158, 1),
(4562, '2020-04-17', 169, 1),
(4563, '2020-04-17', 54, 1),
(4564, '2020-04-17', 196, 1),
(4565, '2020-04-17', 16, 3),
(4566, '2020-04-17', 1, 2),
(4567, '2020-04-17', 65, 2),
(4568, '2020-04-17', 25, 1),
(4569, '2020-04-17', 19, 1),
(4570, '2020-04-17', 32, 1),
(4571, '2020-04-17', 12, 2),
(4572, '2020-04-17', 19, 1),
(4573, '2020-04-23', 260, 1),
(4574, '2020-04-23', 60, 1),
(4575, '2020-04-23', 54, 1),
(4576, '2020-04-23', 61, 1),
(4577, '2020-04-23', 73, 1),
(4578, '2020-04-23', 9, 1),
(4579, '2020-04-23', 13, 1),
(4580, '2020-04-23', 54, 5),
(4581, '2020-04-23', 61, 3),
(4582, '2020-04-23', 25, 2),
(4583, '2020-04-23', 19, 1),
(4584, '2020-04-23', 59, 1),
(4585, '2020-04-23', 40, 3),
(4586, '2020-04-23', 165, 1),
(4587, '2020-04-23', 256, 2),
(4588, '2020-04-23', 133, 5),
(4589, '2020-04-23', 127, 1),
(4590, '2020-04-23', 23, 1),
(4591, '2020-04-23', 26, 2),
(4592, '2020-04-23', 190, 1),
(4593, '2020-04-23', 179, 1),
(4594, '2020-04-23', 60, 1),
(4595, '2020-04-23', 5, 1),
(4596, '2020-04-23', 47, 1),
(4597, '2020-04-23', 33, 1),
(4598, '2020-04-23', 60, 1);

-- --------------------------------------------------------

--
-- Table structure for table `jenis_produk`
--

CREATE TABLE `jenis_produk` (
  `id_jenis` int(11) NOT NULL,
  `nama_jenis` text NOT NULL
) ENGINE=InnoDB DEFAULT CHARSET=latin1;

--
-- Dumping data for table `jenis_produk`
--

INSERT INTO `jenis_produk` (`id_jenis`, `nama_jenis`) VALUES
(1, 'Paket'),
(2, 'Satuan');

-- --------------------------------------------------------

--
-- Table structure for table `produk`
--

CREATE TABLE `produk` (
  `id_produk` int(11) NOT NULL,
  `nama_produk` varchar(256) NOT NULL,
  `jenis_produk` int(11) NOT NULL,
  `harga` int(11) NOT NULL
) ENGINE=InnoDB DEFAULT CHARSET=latin1;

--
-- Dumping data for table `produk`
--

INSERT INTO `produk` (`id_produk`, `nama_produk`, `jenis_produk`, `harga`) VALUES
(1, 'CREAM PAGI SW2', 2, 135000),
(2, 'CREAM PAGI 2AC', 2, 135000),
(3, 'PAKET SW2 TONER MELASMA MC AF', 1, 378000),
(4, 'PAKET BODY WHITENING COMPLEX 3 IN 1 PH+ CAIR', 1, 585000),
(5, 'SABUN JERAWAT CAIR', 2, 50000),
(6, 'CLEANSING SOLUTION KECIL', 2, 40000),
(7, 'TR1', 2, 55000),
(8, 'BRIGHTENING DAY CREAM', 2, 95000),
(9, 'TONER BRIGTHENING', 2, 100000),
(10, 'SABUN M', 2, 70000),
(11, 'TONER SUPER', 2, 80000),
(12, 'CREAM MALAM 2 AC WHITENING', 2, 135000),
(13, 'SABUN WHITENING P 2 IN 1', 2, 25000),
(14, 'CREAM MALAM 2 AC1', 2, 125000),
(15, 'TONER AOC', 2, 100000),
(16, 'CREAM MALAM SW2', 2, 135000),
(17, 'CLEANSING SOLUTION BESAR', 2, 55000),
(18, 'RADIANCE NIGHT CREAM', 2, 95000),
(19, 'LOTION PAGI WHITENING BESAR', 2, 100000),
(20, 'DAY CREAM ROSE', 2, 150000),
(21, 'TONER KOMBINASI F', 2, 100000),
(22, 'WHITENING BODY CREAM KECIL', 2, 120000),
(23, 'WHITENING BODY CREAM BESAR', 2, 200000),
(24, 'WHITENING BODY LOTION KECIL', 2, 140000),
(25, 'BODY SOAP', 2, 50000),
(26, 'LIQUID PH +', 2, 150000),
(27, 'LINE CARE EYE CREAM', 2, 75000),
(28, 'TONER B STRONG', 2, 100000),
(29, 'MILKCLEANSER BESAR', 2, 55000),
(30, 'PAKET SW2 MIX 2 AC TONER ACNE CS TR', 1, 420000),
(31, 'AF5 (CREAM BOPENG)', 2, 75000),
(32, 'CREAM MALAM 2 AC', 2, 135000),
(33, 'SABUN WAJAH SW', 2, 80000),
(34, 'CREAM MALAM KD1', 2, 125000),
(35, 'CREAM MALAM M3', 2, 95000),
(36, 'SUNCARE FOR OILY 10 GR', 2, 85000),
(37, 'LOTION MALAM BESAR', 2, 90000),
(38, 'AHA BODY CREAM', 2, 50000),
(39, 'SUNBLOCK MELASMA', 2, 85000),
(40, 'SABUN WAJAH PLATINUM', 2, 120000),
(41, 'PAKET M1 MIX PB1 PS + TONER B STRONG', 1, 255000),
(42, 'PAKET 2 AC TONER ACNE CS TR', 1, 435000),
(43, 'SERUM WHITENING KOMPLEK KECIL', 2, 85000),
(44, 'PEMUTIH KETIAK', 2, 75000),
(45, 'DARK CIRCLE', 2, 85000),
(46, 'TONER KOMBINASI AC', 2, 110000),
(47, 'MILKCLEANSER KECIL', 2, 40000),
(48, 'SUNBLOCK SPF 50', 2, 85000),
(49, 'MILKCLEANSER PLATINUM', 2, 80000),
(50, 'LIGHTENING SERUM FOR ACNE 15 ML', 2, 265000),
(51, 'PAKET SW2 TONER B MC AF', 1, 430000),
(52, 'VITAMIN BIBIR', 2, 65000),
(53, 'BODY SCRUB LUX SUSU', 2, 65000),
(54, 'AF1', 2, 80000),
(55, 'WHITENING BODY LOTION BESAR', 2, 250000),
(56, 'SERUM LIFTING 15 ML', 2, 265000),
(57, 'CREAM MALAM SW PLATINUM', 2, 250000),
(58, 'SUNBLOCK B BONUS', 2, 35000),
(59, 'PAKET M1 TONER B MC SUN B', 1, 365000),
(60, 'SABUN JERAWAT PADAT', 2, 40000),
(61, 'SUNBLOCK B+', 2, 85000),
(62, 'PAKET BADAN PEMULA HEMAT CAIR', 1, 270000),
(63, 'SERUM WAJAH ARBUTIN 8 ML', 2, 85000),
(64, 'PAKET BADAN JUMBO HEMAT CAIR', 1, 435000),
(65, 'WHITENING SCRUB', 2, 40000),
(66, 'WET POWDER', 2, 80000),
(67, 'REGENESIS BRITHENING SERUM 15 ML', 2, 250000),
(68, 'WHITENING NIGHT CREAM', 2, 120000),
(69, 'HIGH EXCLUSIVE DAY CREAM', 2, 150000),
(70, 'EYE BAG MOISTURIZER', 2, 85000),
(71, 'SERUM FOR ACNE 8 ML', 2, 85000),
(72, 'PAKET M1 PS TONER B STRONG', 1, 265000),
(73, 'PAKET M1 PS + TONER B', 1, 265000),
(74, 'PAKET M1 PC + TONER B', 1, 265000),
(75, 'TONER AF', 2, 65000),
(76, 'CREAM MALAM 2 AC2', 2, 125000),
(77, 'PAKET SW2 TONER B MC SUN B', 1, 430000),
(78, 'PAKET SW2 MIX 2 AC TONER KOMBINASI AC CS TR', 1, 440000),
(79, 'PAKET M1 TONER B STRONG MC SUN B', 1, 365000),
(80, 'CREAM MALAM PB1', 2, 85000),
(81, 'PAKET SW2 TONER KOMBINASI F MC AF1', 1, 430000),
(82, 'PAKET SW2 TONER NORMAL MC SUN B', 1, 420000),
(83, 'PAKET M1 TONER MELASMA MC AF', 1, 355000),
(84, 'CENTEPORE CREAM', 2, 65000),
(85, 'BLEMISH PINK', 2, 85000),
(86, 'PAKET 2 AC PCS NON TONER CP/CP', 1, 315000),
(87, 'PAKET BADAN JUMBO LENGKAP', 1, 585000),
(88, 'ANTI IRITASI', 2, 10000),
(89, 'SERUM LIFTING 8 ML', 2, 150000),
(90, 'CREAM BADAN PK', 2, 120000),
(91, 'MINI PACK SERI PB1 TONER B', 1, 180000),
(92, 'PEMUTIH LEHER', 2, 75000),
(93, 'PAKET 2 AC PS + TONER ACNE', 1, 330000),
(94, 'SERUM VITAMIN C 15% 8ML', 2, 85000),
(95, 'BB CREAM 2', 2, 135000),
(96, 'PAKET BUMIL 1 AS TONER SUPER MC SUN B', 1, 390000),
(97, 'PAKET M1 MIX PB1 TONER ACNE CS TR', 1, 335000),
(98, 'PAKET M1 TONER KOMBINASI F MC AF', 1, 365000),
(99, 'LUMIWHITE WHITENING CREAM', 2, 150000),
(100, 'PAKET M1 PC + TONER B STRONG', 1, 255000),
(101, 'LOT PAGI EXC', 2, 110000),
(102, 'SABUN WHITENING EXC', 2, 165000),
(103, 'LOT EXC DIAMOND', 2, 110000),
(104, 'TONER NORMAL', 2, 65000),
(105, 'PAKET SW2 PC + TONER B', 1, 335000),
(106, 'SKIN TONIC ACNE', 2, 65000),
(107, 'LOTION MALAM KECIL', 2, 35000),
(108, 'CREAM MALAM 2 AC PU', 2, 135000),
(109, 'PAKET BUMIL 1 AS NORMAL MC SUN B', 1, 380000),
(110, 'PAKET M1 MIX PB1 TONER NORMAL CS TR', 1, 355000),
(111, 'SERUM GOLD 20 ML', 2, 175000),
(112, 'MINI PACK SERI PB1 TONER NORMAL', 1, 170000),
(113, 'BEDAK TABUR NAC', 2, 65000),
(114, 'ACNE NIGHT GEL', 2, 85000),
(115, 'PAKET BUMIL 1 AS MELASMA MC AF1', 1, 380000),
(116, 'PAKET M1 PS + TONER KOMBINASI F', 1, 265000),
(117, 'BEDAK TABUR LUXURY', 2, 100000),
(118, 'PAKET 2 AC PC + TONER ACNE', 1, 345000),
(119, 'SUNCARE FOR ACNE 10 GR', 2, 85000),
(120, 'AF1 BONUS', 2, 50000),
(121, 'PAKET SW2 MIX 2 AC TONER B MC TR', 1, 430000),
(122, 'PAKET M1 MIX PB1 TONER B CS TR', 1, 365000),
(123, 'PAKET BUMIL 1 AS PS + TONER AOC', 1, 275000),
(124, 'MOIST BESAR', 2, 40000),
(125, 'TONER ANTI OKSIDAN KECIL', 2, 80000),
(126, 'PAKET COMPLETE 2 IN 1 LENGKAP M1B + PEMULA HEMAT', 1, 580000),
(127, 'PAKET SW2 PS + TONER B', 1, 365000),
(128, 'LOT MALAM EXC', 2, 110000),
(129, 'ACNE SHOOTING CREAM', 2, 85000),
(130, 'SOOTHING CREAM', 2, 60000),
(131, 'PAKET PB1 PS + TONER B STRONG', 1, 210000),
(132, 'PAKET BADAN HEMAT EXCLUSIVE', 1, 435000),
(133, 'CREAM MALAM LUX GOLD', 2, 150000),
(134, 'PAKET PRAKTIS 2 AC WHITENING', 1, 335000),
(135, 'SERUM WAJAH ARBUTIN 20 ML', 2, 175000),
(136, 'MINI PACK SERI M1 TONER B', 1, 190000),
(137, 'PAKET BUMIL 2 AC PU PS FW + BRIGHTENING TONER', 1, 350000),
(138, 'LUMINOUS LIGHTENING SERUM', 2, 240000),
(139, 'PAKET SW2 MIX 2 AC PS CAIR + TONER ACNE', 1, 345000),
(140, 'LOTION PAGI WHITENING KECIL', 2, 40000),
(141, 'PAKET BUMIL 1 AS PS + TONER SUPER', 1, 275000),
(142, 'LUMINAGE LIGHTENING SERUM 15 ML', 2, 315000),
(143, 'PAKET BADAN HEMAT LUXURY', 1, 435000),
(144, 'PAKET PB1 PS + TONER MELASMA', 1, 200000),
(145, 'PAKET BADAN HEMAT MASKULIN', 1, 270000),
(146, 'AF4', 2, 90000),
(147, 'CREAM PAGI PB1', 2, 85000),
(148, 'SABUN WAJAH M 100 ML', 2, 50000),
(149, 'SERUM MELASMA KECIL', 2, 85000),
(150, 'LOT PAGI LUX', 2, 110000),
(151, 'PAKET PB1 TONER B MC SUN B', 1, 305000),
(152, 'PAKET SW2 TONER MELASMA CS AF', 1, 420000),
(153, 'TONER WHITENING', 2, 100000),
(154, 'CREAM KOMEDO', 2, 65000),
(155, 'PAKET SW2 TONER MELASMA MC SUN B', 1, 420000),
(156, 'PAKET SW2 MIX 2 AC TONER B CS TR', 1, 430000),
(157, 'CREAM BADAN B2', 2, 135000),
(158, 'CREAM MALAM SW 1', 2, 110000),
(159, 'PAKET SW2 TONER ACNE CS TR', 1, 420000),
(160, 'SERUM VITAMIN C 15% 20ML', 2, 175000),
(161, 'BRIGTHENING TONER', 2, 80000),
(162, 'CALMING WHITENING NIGHT CREAM', 2, 95000),
(163, 'MINI PACK SERI M1 TONER NORMAL', 1, 185000),
(164, 'PAKET SW2 PS + TONER MELASMA', 2, 350000),
(165, 'BB BRIGHT CREAM', 2, 140000),
(166, 'PAKET M1 NON TONER MC SUN B', 1, 266000),
(167, 'PAKET SW2 PCS NON TONER CM/CM', 1, 284000),
(168, 'PAKET M1 PS NON TONER CP/CP', 1, 207000),
(169, 'SERUM MELASMA BESAR', 2, 158000),
(170, 'SUNSCREEN BODY WHITENING', 2, 72000),
(171, 'PAKET PB1 PS + TONER ACNE', 1, 180000),
(172, 'PAKET SW2 PC NON TONER CM/CM', 1, 284000),
(173, 'PAKET 2 AC TONER B CS TR', 1, 401000),
(174, 'V-SMOOTH NECK CREAM', 2, 140000),
(175, 'DAY LOTION MASKLULIN', 2, 45000),
(176, 'PAKET 2 AC PCS NON TONER CM/CM', 1, 284000),
(177, 'PAKET SW2 PCS + TONER B', 1, 302000),
(178, 'PAKET SW2 TONER B CS SUN B', 1, 387000),
(179, 'PAKET M1 PS NON TONER CM/CM', 1, 207000),
(180, 'PAKET PRAKTIS 2 AC1', 1, 315000),
(181, 'BLEACHING SCRUB BESAR', 2, 104000),
(182, 'PAKET 2 AC PS CAIR NON TONER CP/CM', 1, 266000),
(183, 'PAKET M1 PS + TONER MELASMA', 1, 230000),
(184, 'PAKET M1 MIX PB1 PS + TONER ACNE', 1, 221000),
(185, 'MOIST KECIL', 2, 18000),
(186, 'PAKET 2 AC PU TONER ACNE CS TR', 1, 392000),
(187, 'PAKET M1 PC NON TONER CP/CP', 1, 198000),
(188, 'PAKET 2 AC PS PADAT NON TONER CP/CP', 1, 257000),
(189, 'PAKET SW2 PCS + TONER B STRONG', 1, 302000),
(190, 'LOT MALAM LUX', 2, 99000),
(191, 'PAKET BADAN PEMULA LENGKAP CAIR', 1, 378000),
(192, 'PAKET SW2 PC + TONER MELASMA', 1, 293000),
(193, 'SERUM GOLD 8 ML', 2, 77000),
(194, 'PAKET SW2 PC NON TONER CP/CM', 1, 284000),
(195, 'PAKET M1 PCS NON TONER CP/CP', 1, 198000),
(196, 'AF2', 2, 72000),
(197, 'SHIMMER BODY LOTION', 2, 90000),
(198, 'PAKET SW2 PS NON TONER CP/CM', 1, 297000),
(199, 'PAKET BUMIL 2 AC PU PADAT TONER ACNE MC TR', 1, 392000),
(200, 'MILK CLEANSER GLOWING', 2, 67000),
(201, 'PAKET SW2 PCS + TONER ACNE', 1, 293000),
(202, 'PAKET PB1 TONER MELASMA MC AF1', 1, 266000),
(203, 'SERUM FOR ACNE 20 ML', 2, 158000),
(204, 'PAKET SW2 PCS + TONER MELASMA', 1, 293000),
(205, 'PAKET PB1 TONER ACNE CS TR', 1, 266000),
(206, 'PAKET SW2 PCS NON TONER CP/CM', 1, 284000),
(207, 'TONER SOOTHING ACNE 50ML', 2, 90000),
(208, 'PAKET M1 PCS + TONER B', 1, 230000),
(209, 'PAKET M1 PC NON TONER CP/CM', 1, 198000),
(210, 'LIGHTENING BODY LOTION 100ML IVORY', 2, 175500),
(211, 'AF3', 2, 90000),
(212, 'NIGHT REGENERATING LOTION PU', 2, 99000),
(213, 'BODY BUTTER', 2, 63000),
(214, 'PAKET LENGKAP LUXURY GLOWING', 1, 558000),
(215, 'LIGHTENING BODY LOTION 100ML PINK', 2, 175000),
(216, 'PAKET LENGKAP 2 AC TONER SHOOTING ACNE', 1, 459000),
(217, 'PAKET SW2 PS NON TONER CP/CP', 1, 297000),
(218, 'PAKET 2 AC TONER ACNE MC TR', 1, 402000),
(219, 'PAKET M1 PS + TONER NORMAL', 1, 230000),
(220, 'PAKET SW2 MIX 2 AC PS CAIR + TONER B', 1, 330000),
(221, 'PAKET BADAN PEMULA HEMAT FREE SABUN PADAT', 1, 243000),
(222, 'PAKET LENGKAP HIGH EXC PLATINUM', 1, 630000),
(223, 'PAKET SW2 PS + TONER NORMAL', 1, 315000),
(224, 'PAKET BADAN JUMBO HEMAT CAIR FREE SABUN PADAT', 1, 392000),
(225, 'PAKET 2 AC WHITENING TONER ACNE CS TR', 1, 402000),
(226, 'SERUM ANTI AGING 8 ML', 2, 77000),
(227, 'PAKET M1 PCS NON TONER CM/CM', 1, 198000),
(228, 'BLEACHING SCRUB KECIL', 2, 45000),
(229, 'PAKET M1 PS NON TONER CP/CM', 1, 207000),
(230, 'PAKET SW2 PS + TONER ACNE', 1, 315000),
(231, 'PAKET M1 PCS NON TONER CP/CM', 1, 198000),
(232, 'PAKET PRAKTIS 2 AC2', 1, 325000),
(233, 'PAKET SW2 PCS NON TONER CP/CP', 1, 284000),
(234, 'TR 1+', 2, 59000),
(235, 'PAKET PB1 PS NON TONER CM/CM', 1, 158000),
(236, 'SUNBLOCK GEL', 2, 77000),
(237, 'PAKET SW2 PS NON TONER CM/CM', 1, 297000),
(238, 'PAKET BODY WHITENING COMPLEX 3 IN 1 PH+ PDT', 1, 527000),
(239, 'PAKET LENGKAP LUXURY GLOWING B', 1, 558000),
(240, 'PAKET LENGKAP HIGH EXC PLATNUM + SERUM', 1, 756000),
(241, 'PAKET 2 AC PS + TONER B', 1, 307000),
(242, 'LIP CARE GEL', 2, 69000),
(243, 'PAKET SW2 TONER WHITENING MC SUN B', 1, 387000),
(244, 'SERUM ANTI AGING 20 ML', 2, 158000),
(245, 'PAKET SW2 PS + TONER WHITENING', 1, 329000),
(246, 'PAKET SW2 BRIGHTENING TONER MC SUN B', 1, 387000),
(247, 'BRIGHTENING COMPLEXION SERUM', 2, 380000),
(248, 'LIP MATTE CHLOE ROSE PINK', 2, 115000),
(249, 'LIP MATTE MOCCA LADY', 2, 115000),
(250, 'PAKET SW2 PS + TONER KOMBINASI F', 1, 329000),
(251, 'LIP MATTE NATURAL BROWN', 2, 115000),
(252, 'LIP MATTE ALIKA PEACH', 2, 115000),
(253, 'PAKET SW2 MIX 2 AC PS PADAT NON TONER CM/CP', 1, 284000),
(254, 'BB CUSHION IVORY', 2, 225000),
(255, 'BB CUSHION BEIGE', 2, 225000),
(256, 'GLOWING ACTIVE SERUM', 2, 160000),
(257, 'SERUM TIGHTENING 8 ML', 2, 77000),
(258, 'PAKET SW2 MIX 2 AC TONER ACNE MC TR1', 1, 378000),
(259, 'PAKET M1 MIX PB1 PS NON TONER CP/CM', 1, 239000),
(260, 'SABUN WHITENING LUX', 2, 145000),
(261, 'PAKET PRAKTIS 2 AC CAIR TONER SOOTHING ACNE', 1, 414000),
(262, 'PAKET LENGKAP 2 AC + SOOTHING CREAM', 1, 502000),
(263, 'PAKET M1 PCS + TONER AF (MELASMA)', 1, 255000),
(264, 'BB CUSHION PINK', 2, 225000),
(265, 'WHITENING NIGHT CARE', 2, 89000),
(266, 'PAKET SW2 PC NON TONER CP/CP', 1, 327000),
(267, 'PAKET 2 AC PCS NON TONER CP/CM', 1, 327000),
(268, 'PAKET 2 AC NON TONER CS TR1', 1, 416000),
(269, 'PAKET SW2 MIX 2 AC PS NON TONER CP/CM', 1, 342000),
(270, 'PAKET BODY WHITENING COMPLEX 3 IN 1 CAIR FREE SABUN PADAT', 1, 607000),
(271, 'CREAM STRETCHMARK', 2, 114000),
(272, 'PAKET SW2 TONER B CS AF', 1, 446000),
(273, 'PAKET LENGKAP LUXURY GLOWING NORMAL', 1, 642000),
(274, 'PAKET M1 TONER NORMAL MC SUN B', 1, 368000),
(275, 'PAKET SW2 PC + TONER ACNE', 1, 337000),
(276, 'PAKET M1 PS + TONER WHITENING', 1, 275000),
(277, 'PAKET 2 AC PS PADAT NON TONER CM/CM', 1, 296000),
(278, 'PAKET SW2 PS + TONER KOMBINASI AC', 1, 389000),
(279, 'PAKET SW2 PCS + TONER KOMBINASI AC', 1, 358000),
(280, 'PAKET M1 BRIGHTENING TONER MC SUN B', 1, 379000),
(281, 'PAKET 2 AC PC NON TONER CP/CP', 1, 327000),
(282, 'PAKET WHITENING ECO', 1, 275000),
(283, 'PAKET PB1 PCS + TONER B', 1, 249000),
(284, 'PAKET M1 MIX PB1 TONER ACNE MC TR', 1, 368000);

--
-- Indexes for dumped tables
--

--
-- Indexes for table `barang_masuk`
--
ALTER TABLE `barang_masuk`
  ADD PRIMARY KEY (`id_masuk`),
  ADD KEY `id_produk` (`id_produk`);

--
-- Indexes for table `jenis_produk`
--
ALTER TABLE `jenis_produk`
  ADD PRIMARY KEY (`id_jenis`);

--
-- Indexes for table `produk`
--
ALTER TABLE `produk`
  ADD PRIMARY KEY (`id_produk`),
  ADD UNIQUE KEY `nama_produk` (`nama_produk`),
  ADD KEY `jenis_produk` (`jenis_produk`);

--
-- AUTO_INCREMENT for dumped tables
--

--
-- AUTO_INCREMENT for table `barang_masuk`
--
ALTER TABLE `barang_masuk`
  MODIFY `id_masuk` int(11) NOT NULL AUTO_INCREMENT, AUTO_INCREMENT=4599;

--
-- AUTO_INCREMENT for table `jenis_produk`
--
ALTER TABLE `jenis_produk`
  MODIFY `id_jenis` int(11) NOT NULL AUTO_INCREMENT, AUTO_INCREMENT=3;

--
-- AUTO_INCREMENT for table `produk`
--
ALTER TABLE `produk`
  MODIFY `id_produk` int(11) NOT NULL AUTO_INCREMENT, AUTO_INCREMENT=285;

--
-- Constraints for dumped tables
--

--
-- Constraints for table `barang_masuk`
--
ALTER TABLE `barang_masuk`
  ADD CONSTRAINT `barang_masuk_ibfk_1` FOREIGN KEY (`id_produk`) REFERENCES `produk` (`id_produk`);

--
-- Constraints for table `produk`
--
ALTER TABLE `produk`
  ADD CONSTRAINT `produk_ibfk_1` FOREIGN KEY (`jenis_produk`) REFERENCES `jenis_produk` (`id_jenis`);
COMMIT;

/*!40101 SET CHARACTER_SET_CLIENT=@OLD_CHARACTER_SET_CLIENT */;
/*!40101 SET CHARACTER_SET_RESULTS=@OLD_CHARACTER_SET_RESULTS */;
/*!40101 SET COLLATION_CONNECTION=@OLD_COLLATION_CONNECTION */;
