-- phpMyAdmin SQL Dump
-- version 4.8.5
-- https://www.phpmyadmin.net/
--
-- Host: 127.0.0.1
-- Generation Time: Apr 03, 2021 at 01:00 PM
-- Server version: 10.1.39-MariaDB
-- PHP Version: 7.3.5

SET SQL_MODE = "NO_AUTO_VALUE_ON_ZERO";
SET AUTOCOMMIT = 0;
START TRANSACTION;
SET time_zone = "+00:00";


/*!40101 SET @OLD_CHARACTER_SET_CLIENT=@@CHARACTER_SET_CLIENT */;
/*!40101 SET @OLD_CHARACTER_SET_RESULTS=@@CHARACTER_SET_RESULTS */;
/*!40101 SET @OLD_COLLATION_CONNECTION=@@COLLATION_CONNECTION */;
/*!40101 SET NAMES utf8mb4 */;

--
-- Database: `peramalan`
--

-- --------------------------------------------------------

--
-- Table structure for table `barang_masuk`
--

CREATE TABLE `barang_masuk` (
  `id_masuk` int(11) NOT NULL,
  `tanggal` date NOT NULL,
  `id_produk` int(11) NOT NULL,
  `jumlah` int(11) NOT NULL
) ENGINE=InnoDB DEFAULT CHARSET=latin1;

--
-- Dumping data for table `barang_masuk`
--

INSERT INTO `barang_masuk` (`id_masuk`, `tanggal`, `id_produk`, `jumlah`) VALUES
(1, '2018-07-02', 4, 1),
(2, '2018-07-02', 5, 1),
(3, '2018-07-02', 6, 1),
(4, '2018-07-02', 7, 1),
(5, '2018-07-02', 8, 2),
(6, '2018-07-02', 9, 1),
(7, '2018-07-02', 10, 1),
(8, '2018-07-02', 11, 1),
(9, '2018-07-02', 2, 1),
(10, '2018-07-02', 12, 1),
(11, '2018-07-02', 13, 12),
(12, '2018-07-02', 2, 1),
(13, '2018-07-02', 7, 1),
(14, '2018-07-03', 10, 1),
(15, '2018-07-03', 14, 1),
(16, '2018-07-03', 2, 2),
(17, '2018-07-03', 15, 1),
(18, '2018-07-03', 1, 1),
(19, '2018-07-03', 16, 1),
(20, '2018-07-03', 9, 1),
(21, '2018-07-03', 12, 1),
(22, '2018-07-03', 17, 1),
(23, '2018-07-04', 8, 1),
(24, '2018-07-04', 18, 1),
(25, '2018-07-04', 19, 1),
(26, '2018-07-04', 20, 2),
(27, '2018-07-04', 21, 1),
(28, '2018-07-04', 22, 1),
(29, '2018-07-04', 23, 1),
(30, '2018-07-04', 24, 1),
(31, '2018-07-04', 5, 1),
(32, '2018-07-04', 25, 1),
(33, '2018-07-04', 26, 1),
(34, '2018-07-04', 27, 1),
(35, '2018-07-05', 28, 1),
(36, '2018-07-05', 29, 1),
(37, '2018-07-05', 10, 2),
(38, '2018-07-05', 8, 2),
(39, '2018-07-05', 18, 2),
(40, '2018-07-05', 12, 1),
(41, '2018-07-05', 29, 1),
(42, '2018-07-06', 30, 1),
(43, '2018-07-06', 31, 1),
(44, '2018-07-06', 32, 1),
(45, '2018-07-06', 33, 1),
(46, '2018-07-06', 34, 3),
(47, '2018-07-06', 35, 1),
(48, '2018-07-06', 10, 1),
(49, '2018-07-06', 36, 1),
(50, '2018-07-06', 37, 1),
(51, '2018-07-06', 19, 1),
(52, '2018-07-06', 38, 1),
(53, '2018-07-06', 39, 1),
(54, '2018-07-06', 40, 1),
(55, '2018-07-07', 17, 1),
(56, '2018-07-07', 39, 1),
(57, '2018-07-09', 41, 1),
(58, '2018-07-09', 1, 2),
(59, '2018-07-09', 8, 3),
(60, '2018-07-09', 10, 2),
(61, '2018-07-09', 9, 2),
(62, '2018-07-09', 22, 1),
(63, '2018-07-09', 33, 1),
(64, '2018-07-10', 42, 1),
(65, '2018-07-10', 40, 1),
(66, '2018-07-10', 43, 2),
(67, '2018-07-10', 44, 1),
(68, '2018-07-10', 21, 1),
(69, '2018-07-10', 34, 2),
(70, '2018-07-10', 45, 1),
(71, '2018-07-10', 33, 1),
(72, '2018-07-10', 16, 2),
(73, '2018-07-10', 46, 1),
(74, '2018-07-10', 10, 1),
(75, '2018-07-10', 47, 1),
(76, '2018-07-11', 48, 1),
(77, '2018-07-11', 49, 1),
(78, '2018-07-11', 14, 1),
(79, '2018-07-11', 2, 1),
(80, '2018-07-11', 8, 3),
(81, '2018-07-11', 10, 2),
(82, '2018-07-11', 9, 2),
(83, '2018-07-11', 18, 1),
(84, '2018-07-11', 50, 1),
(85, '2018-07-11', 47, 1),
(86, '2018-07-12', 51, 1),
(87, '2018-07-12', 26, 1),
(88, '2018-07-12', 18, 2),
(89, '2018-07-12', 52, 1),
(90, '2018-07-12', 8, 4),
(91, '2018-07-12', 10, 1),
(92, '2018-07-12', 53, 1),
(93, '2018-07-12', 40, 1),
(94, '2018-07-12', 54, 1),
(95, '2018-07-12', 34, 1),
(96, '2018-07-12', 55, 1),
(97, '2018-07-12', 13, 12),
(98, '2018-07-13', 52, 1),
(99, '2018-07-13', 50, 1),
(100, '2018-07-13', 3, 1),
(101, '2018-07-13', 42, 1),
(102, '2018-07-14', 20, 2),
(103, '2018-07-14', 47, 1),
(104, '2018-07-14', 56, 1),
(105, '2018-07-14', 55, 1),
(106, '2018-07-14', 10, 1),
(107, '2018-07-14', 32, 1),
(108, '2018-07-14', 31, 1),
(109, '2018-07-14', 17, 1),
(110, '2018-07-14', 47, 1),
(111, '2018-07-16', 16, 3),
(112, '2018-07-16', 18, 2),
(113, '2018-07-16', 57, 1),
(114, '2018-07-16', 46, 1),
(115, '2018-07-16', 8, 2),
(116, '2018-07-16', 10, 1),
(117, '2018-07-16', 58, 1),
(118, '2018-07-16', 3, 1),
(119, '2018-07-16', 59, 1),
(120, '2018-07-16', 60, 1),
(121, '2018-07-16', 61, 1),
(122, '2018-07-17', 62, 1),
(123, '2018-07-17', 63, 1),
(124, '2018-07-17', 33, 1),
(125, '2018-07-17', 10, 1),
(126, '2018-07-17', 1, 1),
(127, '2018-07-17', 16, 2),
(128, '2018-07-17', 34, 1),
(129, '2018-07-17', 9, 1),
(130, '2018-07-17', 8, 1),
(131, '2018-07-17', 10, 1),
(132, '2018-07-17', 30, 1),
(133, '2018-07-18', 61, 1),
(134, '2018-07-18', 64, 1),
(135, '2018-07-18', 60, 1),
(136, '2018-07-18', 9, 1),
(137, '2018-07-18', 5, 2),
(138, '2018-07-18', 65, 1),
(139, '2018-07-18', 25, 1),
(140, '2018-07-18', 33, 1),
(141, '2018-07-18', 2, 2),
(142, '2018-07-18', 60, 1),
(143, '2018-07-18', 40, 1),
(144, '2018-07-18', 57, 1),
(145, '2018-07-18', 40, 1),
(146, '2018-07-18', 66, 1),
(147, '2018-07-19', 67, 1),
(148, '2018-07-19', 1, 2),
(149, '2018-07-19', 16, 2),
(150, '2018-07-19', 8, 1),
(151, '2018-07-19', 68, 1),
(152, '2018-07-19', 34, 1),
(153, '2018-07-19', 9, 1),
(154, '2018-07-19', 68, 1),
(155, '2018-07-19', 10, 1),
(156, '2018-07-21', 69, 1),
(157, '2018-07-21', 16, 1),
(158, '2018-07-21', 70, 1),
(159, '2018-07-21', 33, 2),
(160, '2018-07-21', 9, 1),
(161, '2018-07-21', 61, 1),
(162, '2018-07-21', 18, 1),
(163, '2018-07-21', 71, 1),
(164, '2018-07-21', 10, 1),
(165, '2018-07-21', 40, 1),
(166, '2018-07-21', 67, 1),
(167, '2018-07-23', 59, 1),
(168, '2018-07-23', 72, 1),
(169, '2018-07-23', 73, 2),
(170, '2018-07-23', 74, 1),
(171, '2018-07-23', 75, 1),
(172, '2018-07-23', 9, 2),
(173, '2018-07-23', 54, 1),
(174, '2018-07-23', 55, 1),
(175, '2018-07-23', 10, 2),
(176, '2018-07-23', 76, 1),
(177, '2018-07-23', 18, 1),
(178, '2018-07-23', 65, 1),
(179, '2018-07-23', 13, 12),
(180, '2018-07-23', 61, 1),
(181, '2018-07-23', 77, 2),
(182, '2018-07-23', 78, 1),
(183, '2018-07-23', 42, 1),
(184, '2018-07-23', 79, 1),
(185, '2018-07-24', 25, 1),
(186, '2018-07-23', 80, 1),
(187, '2018-07-25', 59, 1),
(188, '2018-07-25', 3, 1),
(189, '2018-07-25', 78, 1),
(190, '2018-07-25', 73, 1),
(191, '2018-07-25', 73, 1),
(192, '2018-07-25', 19, 1),
(193, '2018-07-25', 12, 1),
(194, '2018-07-25', 67, 1),
(195, '2018-07-25', 81, 3),
(196, '2018-07-25', 82, 1),
(197, '2018-07-25', 83, 1),
(198, '2018-07-27', 5, 1),
(199, '2018-07-27', 34, 1),
(200, '2018-07-27', 80, 1),
(201, '2018-07-27', 52, 1),
(202, '2018-07-27', 38, 1),
(203, '2018-07-27', 18, 1),
(204, '2018-07-27', 16, 2),
(205, '2018-07-27', 5, 1),
(206, '2018-07-27', 10, 1),
(207, '2018-07-27', 13, 12),
(208, '2018-07-27', 84, 1),
(209, '2018-07-28', 85, 1),
(210, '2018-07-28', 34, 1),
(211, '2018-07-28', 86, 1),
(212, '2018-07-30', 16, 3),
(213, '2018-07-30', 1, 2),
(214, '2018-07-30', 9, 2),
(215, '2018-07-30', 34, 2),
(216, '2018-07-30', 54, 1),
(217, '2018-07-30', 67, 1),
(218, '2018-07-31', 87, 1),
(219, '2018-07-31', 88, 5),
(220, '2018-08-01', 34, 2),
(221, '2018-08-01', 20, 1),
(222, '2018-08-01', 16, 2),
(223, '2018-08-01', 1, 2),
(224, '2018-08-01', 22, 1),
(225, '2018-08-01', 71, 1),
(226, '2018-08-01', 48, 1),
(227, '2018-08-01', 67, 1),
(228, '2018-08-01', 23, 1),
(229, '2018-08-01', 26, 1),
(230, '2018-08-01', 9, 2),
(231, '2018-08-01', 8, 3),
(232, '2018-08-01', 89, 1),
(233, '2018-08-01', 90, 1),
(234, '2018-08-01', 45, 1),
(235, '2018-08-02', 91, 1),
(236, '2018-08-02', 6, 1),
(237, '2018-08-02', 2, 2),
(238, '2018-08-02', 16, 3),
(239, '2018-08-02', 46, 1),
(240, '2018-08-02', 5, 1),
(241, '2018-08-02', 22, 1),
(242, '2018-08-02', 6, 1),
(243, '2018-08-02', 50, 1),
(244, '2018-08-03', 9, 1),
(245, '2018-08-03', 33, 1),
(246, '2018-08-03', 92, 1),
(247, '2018-08-04', 93, 1),
(248, '2018-08-04', 91, 2),
(249, '2018-08-04', 30, 1),
(250, '2018-08-04', 9, 1),
(251, '2018-08-04', 33, 1),
(252, '2018-08-04', 33, 1),
(253, '2018-08-04', 9, 1),
(254, '2018-08-04', 88, 1),
(255, '2018-08-04', 75, 1),
(256, '2018-08-04', 1, 1),
(257, '2018-08-06', 10, 2),
(258, '2018-08-06', 35, 1),
(259, '2018-08-06', 1, 1),
(260, '2018-08-06', 9, 2),
(261, '2018-08-06', 10, 1),
(262, '2018-08-06', 16, 1),
(263, '2018-08-06', 2, 1),
(264, '2018-08-06', 34, 2),
(265, '2018-08-06', 10, 1),
(266, '2018-08-07', 75, 1),
(267, '2018-08-08', 63, 1),
(268, '2018-08-09', 42, 1),
(269, '2018-08-10', 12, 1),
(270, '2018-08-10', 8, 2),
(271, '2018-08-10', 80, 1),
(272, '2018-08-10', 94, 1),
(273, '2018-08-10', 19, 1),
(274, '2018-08-10', 37, 1),
(275, '2018-08-10', 1, 1),
(276, '2018-08-10', 16, 1),
(277, '2018-08-10', 10, 1),
(278, '2018-08-10', 26, 1),
(279, '2018-08-11', 73, 1),
(280, '2018-08-13', 42, 1),
(281, '2018-08-13', 88, 1),
(282, '2018-08-13', 69, 1),
(283, '2018-08-13', 8, 3),
(284, '2018-08-13', 18, 2),
(285, '2018-08-13', 12, 1),
(286, '2018-08-13', 1, 1),
(287, '2018-08-13', 95, 1),
(288, '2018-08-13', 61, 1),
(289, '2018-08-13', 40, 1),
(290, '2018-08-14', 96, 1),
(291, '2018-08-14', 95, 1),
(292, '2018-08-14', 97, 1),
(293, '2018-08-15', 98, 1),
(294, '2018-08-15', 52, 1),
(295, '2018-08-15', 11, 1),
(296, '2018-08-15', 68, 1),
(297, '2018-08-15', 146, 1),
(298, '2018-08-15', 9, 1),
(299, '2018-08-15', 8, 2),
(300, '2018-08-15', 18, 1),
(301, '2018-08-15', 38, 1),
(302, '2018-08-15', 47, 1),
(303, '2018-08-16', 30, 1),
(304, '2018-08-16', 21, 1),
(305, '2018-08-16', 10, 1),
(306, '2018-08-16', 146, 1),
(307, '2018-08-16', 3, 1),
(308, '2018-08-16', 37, 1),
(309, '2018-08-17', 30, 1),
(310, '2018-08-17', 16, 2),
(311, '2018-08-17', 61, 1),
(312, '2018-08-17', 33, 1),
(313, '2018-08-17', 1, 1),
(314, '2018-08-17', 20, 1),
(315, '2018-08-17', 7, 1),
(316, '2018-08-17', 95, 1),
(317, '2018-08-17', 18, 1),
(318, '2018-08-17', 47, 1),
(319, '2018-08-20', 54, 2),
(320, '2018-08-20', 2, 2),
(321, '2018-08-20', 10, 1),
(322, '2018-08-20', 8, 2),
(323, '2018-08-20', 32, 1),
(324, '2018-08-20', 16, 1),
(325, '2018-08-20', 10, 1),
(326, '2018-08-20', 8, 4),
(327, '2018-08-20', 75, 1),
(328, '2018-08-20', 12, 1),
(329, '2018-08-20', 99, 1),
(330, '2018-08-20', 6, 1),
(331, '2018-08-20', 60, 1),
(332, '2018-08-20', 47, 1),
(333, '2018-08-20', 130, 1),
(334, '2018-08-20', 6, 1),
(335, '2018-08-20', 3, 1),
(336, '2018-08-21', 64, 1),
(337, '2018-08-21', 100, 1),
(338, '2018-08-21', 94, 1),
(339, '2018-08-21', 48, 1),
(340, '2018-08-21', 12, 1),
(341, '2018-08-21', 42, 1),
(342, '2018-08-21', 1, 1),
(343, '2018-08-21', 5, 1),
(344, '2018-08-23', 59, 1),
(345, '2018-08-23', 19, 1),
(346, '2018-08-23', 16, 2),
(347, '2018-08-23', 8, 3),
(348, '2018-08-23', 1, 1),
(349, '2018-08-23', 34, 1),
(350, '2018-08-23', 9, 1),
(351, '2018-08-23', 18, 1),
(352, '2018-08-23', 40, 1),
(353, '2018-08-24', 16, 2),
(354, '2018-08-24', 68, 1),
(355, '2018-08-24', 36, 1),
(356, '2018-08-24', 7, 1),
(357, '2018-08-24', 8, 2),
(358, '2018-08-24', 2, 1),
(359, '2018-08-24', 10, 1),
(360, '2018-08-24', 60, 1),
(361, '2018-08-24', 7, 1),
(362, '2018-08-25', 12, 1),
(363, '2018-08-27', 12, 1),
(364, '2018-08-27', 36, 1),
(365, '2018-08-27', 69, 1),
(366, '2018-08-27', 16, 2),
(367, '2018-08-27', 54, 1),
(368, '2018-08-27', 18, 1),
(369, '2018-08-27', 8, 1),
(370, '2018-08-27', 1, 1),
(371, '2018-08-27', 39, 1),
(372, '2018-08-27', 81, 1),
(373, '2018-08-27', 101, 1),
(374, '2018-08-27', 99, 1),
(375, '2018-08-27', 13, 12),
(376, '2018-08-27', 70, 1),
(377, '2018-08-28', 101, 1),
(378, '2018-08-28', 102, 1),
(379, '2018-08-28', 25, 1),
(380, '2018-08-28', 103, 1),
(381, '2018-08-28', 69, 1),
(382, '2018-08-28', 2, 1),
(383, '2018-08-28', 8, 1),
(384, '2018-08-28', 61, 1),
(385, '2018-08-28', 140, 1),
(386, '2018-08-28', 107, 1),
(387, '2018-08-28', 40, 1),
(388, '2018-08-29', 56, 1),
(389, '2018-08-29', 92, 1),
(390, '2018-08-29', 4, 1),
(391, '2018-08-29', 104, 1),
(392, '2018-08-29', 94, 1),
(393, '2018-08-30', 59, 2),
(394, '2018-08-30', 73, 3),
(395, '2018-08-30', 105, 1),
(396, '2018-08-30', 12, 2),
(397, '2018-08-30', 10, 2),
(398, '2018-08-30', 24, 1),
(399, '2018-08-30', 101, 1),
(400, '2018-08-30', 7, 1),
(401, '2018-08-30', 18, 1),
(402, '2018-08-30', 106, 1),
(403, '2018-08-30', 29, 2),
(404, '2018-08-30', 83, 1),
(405, '2018-08-30', 73, 2),
(406, '2018-08-30', 74, 1),
(407, '2018-08-31', 88, 1),
(408, '2018-08-31', 104, 1),
(409, '2018-09-01', 58, 1),
(410, '2018-09-01', 88, 1),
(411, '2018-09-01', 59, 1),
(412, '2018-09-01', 40, 1),
(413, '2018-09-01', 61, 1),
(414, '2018-09-01', 57, 1),
(415, '2018-09-10', 36, 1),
(416, '2018-09-01', 140, 1),
(417, '2018-09-01', 16, 2),
(418, '2018-09-01', 1, 2),
(419, '2018-09-01', 8, 2),
(420, '2018-09-01', 18, 2),
(421, '2018-09-01', 107, 1),
(422, '2018-09-03', 42, 1),
(423, '2018-09-03', 19, 1),
(424, '2018-09-03', 22, 2),
(425, '2018-09-03', 16, 2),
(426, '2018-09-03', 108, 1),
(427, '2018-09-03', 47, 1),
(428, '2018-09-03', 25, 1),
(429, '2018-09-03', 60, 1),
(430, '2018-09-03', 47, 1),
(431, '2018-09-03', 109, 1),
(432, '2018-09-03', 147, 1),
(433, '2018-09-03', 148, 1),
(434, '2018-09-03', 34, 2),
(435, '2018-09-03', 66, 1),
(436, '2018-09-03', 24, 1),
(437, '2018-09-03', 110, 1),
(438, '2018-09-04', 12, 1),
(439, '2018-09-04', 102, 1),
(440, '2018-09-04', 18, 3),
(441, '2018-09-04', 34, 2),
(442, '2018-09-04', 8, 2),
(443, '2018-09-04', 16, 1),
(444, '2018-09-04', 54, 1),
(445, '2018-09-04', 58, 1),
(446, '2018-09-05', 3, 1),
(447, '2018-09-05', 111, 1),
(448, '2018-09-05', 8, 4),
(449, '2018-09-05', 18, 4),
(450, '2018-06-05', 61, 2),
(451, '2018-09-06', 58, 1),
(452, '2018-09-06', 47, 1),
(453, '2018-09-06', 89, 1),
(454, '2018-09-06', 84, 1),
(455, '2018-09-06', 149, 1),
(456, '2018-09-07', 112, 1),
(457, '2018-09-07', 71, 1),
(458, '2018-09-07', 112, 1),
(459, '2018-09-07', 5, 1),
(460, '2018-09-07', 106, 1),
(461, '2018-09-07', 21, 1),
(462, '2018-09-07', 25, 1),
(463, '2018-09-07', 8, 2),
(464, '2018-09-07', 18, 2),
(465, '2018-09-07', 10, 1),
(466, '2018-09-07', 47, 1),
(467, '2018-09-10', 77, 1),
(468, '2018-09-10', 48, 1),
(469, '2018-09-10', 50, 1),
(470, '2018-09-10', 91, 1),
(471, '2018-09-10', 150, 1),
(472, '2018-09-11', 148, 1),
(473, '2018-09-11', 40, 3),
(474, '2018-09-11', 28, 1),
(475, '2018-09-11', 151, 1),
(476, '2018-09-11', 6, 1),
(477, '2018-09-12', 20, 1),
(478, '2018-09-12', 106, 1),
(479, '2018-09-12', 61, 1),
(480, '2018-09-12', 113, 1),
(481, '2018-09-12', 69, 1),
(482, '2018-09-12', 57, 1),
(483, '2018-09-12', 16, 1),
(484, '2018-09-12', 18, 1),
(485, '2018-09-12', 54, 1),
(486, '2018-09-12', 22, 1),
(487, '2018-09-12', 17, 1),
(488, '2018-09-12', 42, 1),
(489, '2018-09-13', 8, 3),
(490, '2018-09-13', 9, 1),
(491, '2018-09-13', 1, 1),
(492, '2018-09-13', 32, 1),
(493, '2018-09-13', 34, 1),
(494, '2018-09-13', 61, 1),
(495, '2018-09-13', 54, 1),
(496, '2018-09-13', 10, 1),
(497, '2018-09-14', 33, 1),
(498, '2018-09-14', 113, 1),
(499, '2018-09-14', 65, 1),
(500, '2018-09-14', 10, 2),
(501, '2018-09-14', 9, 1),
(502, '2018-09-14', 25, 1),
(503, '2018-09-14', 19, 1),
(504, '2018-09-14', 66, 1),
(505, '2018-09-14', 5, 1),
(506, '2018-09-14', 4, 1),
(507, '2018-09-15', 114, 1),
(508, '2018-09-15', 115, 1),
(509, '2018-09-15', 89, 1),
(510, '2018-09-15', 116, 1),
(511, '2018-09-17', 2, 2),
(512, '2018-09-17', 28, 1),
(513, '2018-09-17', 15, 1),
(514, '2018-09-17', 117, 1),
(515, '2018-09-17', 106, 1),
(516, '2018-09-17', 10, 2),
(517, '2018-09-17', 60, 2),
(518, '2018-09-17', 118, 1),
(519, '2018-09-18', 119, 1),
(520, '2018-09-18', 12, 2),
(521, '2018-09-18', 55, 1),
(522, '2018-09-18', 1, 1),
(523, '2018-09-18', 8, 1),
(524, '2018-09-18', 9, 1),
(525, '2018-09-18', 32, 1),
(526, '2018-09-18', 120, 1),
(527, '2018-09-18', 33, 1),
(528, '2018-09-18', 5, 1),
(529, '2018-09-18', 121, 1),
(530, '2018-09-18', 91, 1),
(531, '2018-09-19', 30, 1),
(532, '2018-09-19', 40, 1),
(533, '2018-09-19', 26, 2),
(534, '2018-09-19', 8, 2),
(535, '2018-09-19', 16, 2),
(536, '2018-09-19', 1, 1),
(537, '2018-09-19', 55, 1),
(538, '2018-09-19', 12, 1),
(539, '2018-09-19', 8, 1),
(540, '2018-09-19', 122, 1),
(541, '2018-09-19', 58, 1),
(542, '2018-09-20', 123, 1),
(543, '2018-09-20', 109, 1),
(544, '2018-09-20', 15, 1),
(545, '2018-09-20', 48, 1),
(546, '2018-09-20', 123, 1),
(547, '2018-09-21', 124, 1),
(548, '2018-09-22', 59, 1),
(549, '2018-09-22', 83, 1),
(550, '2018-09-22', 16, 3),
(551, '2018-09-22', 33, 1),
(552, '2018-09-22', 54, 2),
(553, '2018-09-22', 48, 1),
(554, '2018-09-22', 69, 1),
(555, '2018-09-22', 5, 2),
(556, '2018-09-22', 114, 1),
(557, '2018-09-24', 13, 12),
(558, '2018-09-24', 111, 1),
(559, '2018-09-24', 123, 1),
(560, '2018-09-24', 131, 1),
(561, '2018-09-24', 59, 1),
(562, '2018-09-24', 108, 1),
(563, '2018-09-24', 2, 1),
(564, '2018-09-24', 15, 3),
(565, '2018-09-24', 16, 1),
(566, '2018-09-24', 1, 1),
(567, '2018-09-24', 8, 1),
(568, '2018-09-24', 18, 1),
(569, '2018-09-24', 38, 1),
(570, '2018-09-24', 42, 1),
(571, '2018-09-24', 149, 1),
(572, '2018-09-24', 58, 1),
(573, '2018-09-24', 68, 1),
(574, '2018-09-25', 83, 1),
(575, '2018-09-25', 77, 1),
(576, '2018-09-25', 67, 1),
(577, '2018-09-25', 84, 1),
(578, '2018-09-25', 92, 1),
(579, '2018-09-25', 106, 1),
(580, '2018-09-25', 10, 2),
(581, '2018-09-25', 18, 3),
(582, '2018-09-25', 54, 1),
(583, '2018-09-25', 12, 1),
(584, '2018-09-25', 47, 1),
(585, '2018-09-25', 25, 2),
(586, '2018-09-26', 42, 1),
(587, '2018-09-26', 20, 1),
(588, '2018-09-26', 125, 1),
(589, '2018-09-26', 50, 1),
(590, '2018-09-26', 127, 1),
(591, '2018-09-26', 92, 1),
(592, '2018-09-27', 44, 1),
(593, '2018-09-27', 61, 1),
(594, '2018-09-27', 5, 1),
(595, '2018-09-27', 32, 1),
(596, '2018-09-27', 10, 1),
(597, '2018-09-27', 18, 1),
(598, '2018-09-27', 16, 1),
(599, '2018-09-27', 8, 1),
(600, '2018-09-27', 9, 1),
(601, '2018-09-27', 6, 1),
(602, '2018-09-28', 152, 1),
(603, '2018-09-28', 40, 1),
(604, '2018-09-29', 54, 1),
(605, '2018-09-29', 16, 1),
(606, '2018-09-29', 40, 1),
(607, '2018-09-29', 12, 1),
(608, '2018-09-29', 71, 1),
(609, '2018-09-29', 33, 1),
(610, '2018-09-29', 3, 1),
(611, '2018-09-29', 10, 1),
(612, '2018-09-29', 16, 1),
(613, '2018-09-29', 22, 1),
(614, '2018-09-29', 89, 1),
(615, '2018-09-29', 59, 1),
(616, '2018-10-01', 77, 1),
(617, '2018-10-01', 19, 1),
(618, '2018-10-01', 61, 3),
(619, '2018-10-01', 33, 1),
(620, '2018-10-01', 5, 1),
(621, '2018-10-01', 8, 1),
(622, '2018-10-01', 18, 2),
(623, '2018-10-01', 75, 1),
(624, '2018-10-01', 10, 2),
(625, '2018-10-01', 33, 1),
(626, '2018-10-01', 18, 2),
(627, '2018-10-01', 16, 2),
(628, '2018-10-01', 8, 2),
(629, '2018-10-01', 25, 1),
(630, '2018-10-01', 12, 1),
(631, '2018-10-02', 88, 1),
(632, '2018-10-03', 59, 1),
(633, '2018-10-03', 66, 1),
(634, '2018-10-03', 12, 1),
(635, '2018-10-03', 14, 1),
(636, '2018-10-03', 16, 4),
(637, '2018-10-03', 8, 3),
(638, '2018-10-03', 18, 1),
(639, '2018-10-04', 76, 1),
(640, '2018-10-04', 2, 1),
(641, '2018-10-04', 114, 1),
(642, '2018-10-04', 153, 1),
(643, '2018-10-04', 154, 1),
(644, '2018-10-05', 155, 1),
(645, '2018-10-05', 54, 2),
(646, '2018-10-05', 49, 1),
(647, '2018-10-06', 91, 1),
(648, '2018-10-06', 156, 1),
(649, '2018-10-06', 111, 1),
(650, '2018-10-06', 34, 1),
(651, '2018-10-08', 76, 1),
(652, '2018-10-08', 26, 2),
(653, '2018-10-08', 25, 1),
(654, '2018-10-08', 38, 1),
(655, '2018-10-08', 2, 2),
(656, '2018-10-08', 1, 2),
(657, '2018-10-08', 60, 1),
(658, '2018-10-08', 40, 1),
(659, '2018-10-08', 8, 5),
(660, '2018-10-08', 9, 2),
(661, '2018-10-08', 22, 1),
(662, '2018-10-08', 157, 1),
(663, '2018-10-08', 5, 1),
(664, '2018-10-08', 88, 2),
(665, '2018-10-09', 54, 1),
(666, '2018-10-09', 40, 1),
(667, '2018-10-09', 58, 1),
(668, '2018-10-09', 32, 2),
(669, '2018-10-09', 12, 1),
(670, '2018-10-09', 9, 1),
(671, '2018-10-09', 16, 3),
(672, '2018-10-09', 18, 1),
(673, '2018-10-09', 60, 2),
(674, '2018-10-10', 48, 1),
(675, '2018-10-10', 88, 1),
(676, '2018-10-11', 25, 1),
(677, '2018-10-11', 16, 2),
(678, '2018-10-11', 1, 2),
(679, '2018-10-11', 9, 1),
(680, '2018-10-11', 75, 1),
(681, '2018-10-11', 47, 1),
(682, '2018-10-11', 34, 1),
(683, '2018-10-11', 58, 1),
(684, '2018-10-11', 40, 1),
(685, '2018-10-11', 63, 1),
(686, '2018-10-11', 102, 1),
(687, '2018-10-11', 126, 1),
(688, '2018-10-11', 35, 1),
(689, '2018-10-12', 140, 2),
(690, '2018-10-12', 7, 1),
(691, '2018-10-12', 127, 1),
(692, '2018-10-12', 12, 1),
(693, '2018-10-12', 8, 1),
(694, '2018-10-12', 99, 1),
(695, '2018-10-12', 69, 1),
(696, '2018-10-12', 16, 1),
(697, '2018-10-12', 9, 1),
(698, '2018-10-12', 153, 1),
(699, '2018-10-12', 158, 1),
(700, '2018-10-12', 2, 1),
(701, '2018-10-12', 75, 1),
(702, '2018-10-12', 101, 1),
(703, '2018-10-12', 128, 1),
(704, '2018-10-12', 119, 1),
(705, '2018-10-13', 33, 1),
(706, '2018-10-13', 62, 1),
(707, '2018-10-13', 46, 1),
(708, '2018-10-13', 150, 1),
(709, '2018-10-13', 45, 1),
(710, '2018-10-13', 114, 1),
(711, '2018-10-13', 38, 1),
(712, '2018-10-13', 58, 1),
(713, '2018-10-15', 30, 1),
(714, '2018-10-15', 16, 4),
(715, '2018-10-15', 1, 1),
(716, '2018-10-15', 33, 1),
(717, '2018-10-15', 34, 1),
(718, '2018-10-15', 8, 2),
(719, '2018-10-15', 10, 1),
(720, '2018-10-15', 14, 1),
(721, '2018-10-15', 60, 1),
(722, '2018-10-16', 61, 1),
(723, '2018-10-16', 18, 2),
(724, '2018-10-16', 55, 2),
(725, '2018-10-16', 92, 1),
(726, '2018-10-16', 1, 1),
(727, '2018-10-16', 10, 1),
(728, '2018-10-16', 7, 1),
(729, '2018-10-16', 61, 1),
(730, '2018-10-16', 38, 1),
(731, '2018-10-16', 64, 1),
(732, '2018-10-16', 143, 1),
(733, '2018-10-17', 13, 12),
(734, '2018-10-18', 50, 1),
(735, '2018-10-18', 5, 2),
(736, '2018-10-18', 8, 2),
(737, '2018-10-18', 10, 1),
(738, '2018-10-18', 54, 1),
(739, '2018-10-18', 47, 1),
(740, '2018-10-18', 24, 1),
(741, '2018-10-18', 9, 1),
(742, '2018-10-18', 58, 1),
(743, '2018-10-18', 88, 1),
(744, '2018-10-19', 94, 1),
(745, '2018-10-20', 114, 1),
(746, '2018-10-20', 50, 1),
(747, '2018-10-20', 8, 1),
(748, '2018-10-22', 130, 1),
(749, '2018-10-22', 129, 2),
(750, '2018-10-22', 71, 1),
(751, '2018-10-23', 91, 2),
(752, '2018-10-23', 47, 1),
(753, '2018-10-23', 39, 1),
(754, '2018-10-23', 54, 1),
(755, '2018-10-23', 92, 1),
(756, '2018-10-24', 16, 1),
(757, '2018-10-24', 9, 1),
(758, '2018-10-24', 10, 1),
(759, '2018-10-24', 83, 1),
(760, '2018-10-24', 16, 1),
(761, '2018-10-25', 32, 1),
(762, '2018-10-25', 7, 1),
(763, '2018-10-26', 73, 1),
(764, '2018-10-26', 8, 1),
(765, '2018-10-26', 24, 1),
(766, '2018-10-26', 29, 1),
(767, '2018-10-26', 8, 1),
(768, '2018-10-26', 36, 1),
(769, '2018-10-26', 60, 3),
(770, '2018-10-26', 104, 1),
(771, '2018-10-26', 159, 1),
(772, '2018-10-26', 60, 1),
(773, '2018-10-26', 88, 1),
(774, '2018-10-26', 23, 1),
(775, '2018-10-26', 131, 1),
(776, '2018-10-27', 10, 1),
(777, '2018-10-27', 20, 1),
(778, '2018-10-27', 16, 1),
(779, '2018-10-27', 113, 1),
(780, '2018-10-27', 10, 2),
(781, '2018-10-27', 8, 2),
(782, '2018-10-27', 18, 2),
(783, '2018-10-27', 60, 1),
(784, '2018-10-27', 132, 1),
(785, '2018-10-29', 124, 1),
(786, '2018-10-29', 9, 1),
(787, '2018-10-29', 18, 2),
(788, '2018-10-29', 8, 2),
(789, '2018-10-29', 16, 2),
(790, '2018-10-29', 2, 1),
(791, '2018-10-29', 1, 1),
(792, '2018-10-29', 6, 1),
(793, '2018-10-29', 89, 1),
(794, '2018-10-29', 42, 1),
(795, '2018-10-30', 54, 1),
(796, '2018-10-30', 133, 1),
(797, '2018-10-30', 16, 1),
(798, '2018-10-30', 120, 3),
(799, '2018-10-30', 47, 1),
(800, '2018-10-30', 8, 1),
(801, '2018-10-30', 18, 1),
(802, '2018-10-30', 120, 1),
(803, '2018-10-30', 42, 1),
(804, '2018-10-30', 114, 1),
(805, '2018-10-30', 88, 1),
(806, '2018-10-30', 129, 2),
(807, '2018-10-30', 36, 1),
(808, '2018-10-30', 114, 1),
(809, '2018-10-30', 10, 1),
(810, '2018-10-30', 8, 2),
(811, '2018-10-30', 18, 2),
(812, '2018-10-30', 60, 1),
(813, '2018-10-30', 1, 1),
(814, '2018-10-30', 133, 1),
(815, '2018-10-30', 69, 1),
(816, '2018-10-30', 60, 1),
(817, '2018-10-30', 12, 1),
(818, '2018-10-30', 71, 1),
(819, '2018-10-30', 114, 1),
(820, '2018-10-30', 134, 1),
(821, '2018-10-31', 114, 1),
(822, '2018-10-31', 42, 1),
(823, '2018-10-31', 113, 1),
(824, '2018-10-31', 47, 1),
(825, '2018-10-31', 63, 1),
(826, '2018-10-31', 134, 1),
(827, '2018-10-31', 91, 1),
(828, '2018-11-01', 63, 1),
(829, '2018-11-01', 135, 1),
(830, '2018-11-01', 130, 1),
(831, '2018-11-02', 34, 1),
(832, '2018-11-02', 60, 1),
(833, '2018-11-02', 6, 1),
(834, '2018-11-02', 92, 1),
(835, '2018-11-02', 45, 1),
(836, '2018-11-02', 133, 1),
(837, '2018-11-03', 1, 1),
(838, '2018-11-03', 10, 1),
(839, '2018-11-03', 34, 1),
(840, '2018-11-03', 1, 1),
(841, '2018-11-03', 77, 1),
(842, '2018-11-03', 10, 1),
(843, '2018-11-03', 136, 1),
(844, '2018-11-05', 2, 1),
(845, '2018-11-05', 10, 1),
(846, '2018-11-05', 80, 1),
(847, '2018-11-05', 114, 1),
(848, '2018-11-05', 78, 1),
(849, '2018-11-05', 88, 1),
(850, '2018-11-05', 114, 2),
(851, '2018-11-06', 40, 1),
(852, '2018-11-06', 135, 1),
(853, '2018-11-06', 131, 1),
(854, '2018-11-06', 40, 1),
(855, '2018-11-06', 85, 1),
(856, '2018-11-06', 160, 1),
(857, '2018-11-06', 56, 1),
(858, '2018-11-06', 88, 1),
(859, '2018-11-06', 52, 1),
(860, '2018-11-06', 114, 1),
(861, '2018-11-06', 12, 1),
(862, '2018-11-06', 46, 1),
(863, '2018-11-06', 41, 1),
(864, '2018-11-06', 31, 1),
(865, '2018-11-06', 106, 3),
(866, '2018-11-07', 6, 1),
(867, '2018-11-07', 5, 1),
(868, '2018-11-07', 5, 1),
(869, '2018-11-07', 73, 1),
(870, '2018-11-07', 10, 1),
(871, '2018-11-07', 22, 1),
(872, '2018-11-08', 20, 1),
(873, '2018-11-08', 83, 1),
(874, '2018-11-08', 55, 1),
(875, '2018-11-08', 26, 1),
(876, '2018-11-08', 58, 1),
(877, '2018-11-08', 23, 1),
(878, '2018-11-08', 58, 1),
(879, '2018-11-09', 133, 1),
(880, '2018-11-09', 137, 1),
(881, '2018-11-09', 120, 1),
(882, '2018-11-09', 16, 1),
(883, '2018-11-09', 29, 1),
(884, '2018-11-09', 136, 1),
(885, '2018-11-09', 133, 1),
(886, '2018-11-10', 32, 1),
(887, '2018-11-10', 20, 1),
(888, '2018-11-10', 61, 2),
(889, '2018-11-10', 138, 1),
(890, '2018-11-10', 59, 1),
(891, '2018-11-10', 133, 1),
(892, '2018-11-10', 40, 1),
(893, '2018-11-10', 138, 1),
(894, '2018-11-10', 77, 1),
(895, '2018-11-10', 34, 1),
(896, '2018-11-10', 63, 1),
(897, '2018-11-10', 2, 1),
(898, '2018-11-10', 113, 1),
(899, '2018-11-10', 133, 2),
(900, '2018-11-10', 10, 1),
(901, '2018-11-10', 33, 1),
(902, '2018-11-10', 161, 1),
(903, '2018-11-12', 139, 1),
(904, '2018-11-12', 10, 2),
(905, '2018-11-12', 136, 2),
(906, '2018-11-12', 113, 1),
(907, '2018-11-12', 19, 1),
(908, '2018-11-12', 6, 1),
(909, '2018-11-12', 47, 1),
(910, '2018-11-12', 162, 2),
(911, '2018-11-12', 50, 1),
(912, '2018-11-12', 12, 1),
(913, '2018-11-12', 77, 1),
(914, '2018-11-12', 8, 1),
(915, '2018-11-12', 18, 1),
(916, '2018-11-12', 6, 1),
(917, '2018-11-13', 8, 2),
(918, '2018-11-13', 32, 1),
(919, '2018-11-13', 133, 2),
(920, '2018-11-13', 161, 1),
(921, '2018-11-13', 40, 1),
(922, '2018-11-13', 40, 1),
(923, '2018-11-13', 66, 1),
(924, '2018-11-13', 140, 1),
(925, '2018-11-13', 10, 1),
(926, '2018-11-13', 133, 2),
(927, '2018-11-13', 140, 1),
(928, '2018-11-13', 141, 1),
(929, '2018-11-13', 117, 1),
(930, '2018-11-13', 63, 1),
(931, '2018-11-13', 150, 1),
(932, '2018-11-15', 73, 2),
(933, '2018-11-15', 59, 1),
(934, '2018-11-15', 116, 2),
(935, '2018-11-15', 127, 1),
(936, '2018-11-15', 62, 1),
(937, '2018-11-15', 64, 1),
(938, '2018-11-15', 32, 2),
(939, '2018-11-15', 12, 2),
(940, '2018-11-15', 34, 2),
(941, '2018-11-15', 129, 1),
(942, '2018-11-15', 17, 1),
(943, '2018-11-15', 163, 1),
(944, '2018-11-15', 23, 1),
(945, '2018-11-15', 50, 1),
(946, '2018-11-15', 60, 1),
(947, '2018-11-16', 34, 1),
(948, '2018-11-16', 10, 1),
(949, '2018-11-16', 1, 1),
(950, '2018-11-16', 59, 1),
(951, '2018-11-16', 1, 1),
(952, '2018-11-16', 161, 1),
(953, '2018-11-16', 77, 1),
(954, '2018-11-16', 10, 1),
(955, '2018-11-16', 73, 1),
(956, '2018-11-16', 162, 1),
(957, '2018-11-16', 161, 1),
(958, '2018-11-17', 138, 1),
(959, '2018-11-17', 40, 1),
(960, '2018-11-17', 30, 1),
(961, '2018-11-17', 114, 1),
(962, '2018-11-19', 12, 1),
(963, '2018-11-19', 61, 1),
(964, '2018-11-19', 56, 1),
(965, '2018-11-19', 16, 1),
(966, '2018-11-20', 7, 1),
(967, '2018-11-20', 60, 1),
(968, '2018-11-20', 60, 1),
(969, '2018-11-20', 32, 1),
(970, '2018-11-20', 5, 1),
(971, '2018-11-21', 54, 1),
(972, '2018-11-21', 47, 1),
(973, '2018-11-21', 1, 1),
(974, '2018-11-21', 34, 1),
(975, '2018-11-21', 10, 1),
(976, '2018-11-21', 5, 1),
(977, '2018-11-21', 133, 3),
(978, '2018-11-22', 127, 1),
(979, '2018-11-22', 13, 5),
(980, '2018-11-22', 61, 1),
(981, '2018-11-22', 10, 1),
(982, '2018-11-22', 20, 1),
(983, '2018-11-22', 58, 1),
(984, '2018-11-22', 16, 1),
(985, '2018-11-22', 6, 1),
(986, '2018-11-22', 69, 1),
(987, '2018-11-23', 2, 1),
(988, '2018-11-23', 16, 1),
(989, '2018-11-23', 83, 1),
(990, '2018-11-24', 73, 1),
(991, '2018-11-24', 77, 1),
(992, '2018-11-26', 59, 1),
(993, '2018-11-26', 154, 1),
(994, '2018-11-26', 114, 1),
(995, '2018-11-26', 138, 1),
(996, '2018-11-26', 16, 1),
(997, '2018-11-26', 55, 1),
(998, '2018-11-27', 7, 2),
(999, '2018-11-27', 8, 1),
(1000, '2018-11-27', 58, 1),
(1001, '2018-11-28', 114, 1),
(1002, '2018-11-28', 3, 1),
(1003, '2018-11-28', 89, 1),
(1004, '2018-11-28', 9, 1),
(1005, '2018-11-28', 133, 1),
(1006, '2018-11-28', 69, 1),
(1007, '2018-11-28', 36, 1),
(1008, '2018-11-28', 40, 1),
(1009, '2018-11-28', 140, 1),
(1010, '2018-11-28', 16, 1),
(1011, '2018-11-28', 146, 1),
(1012, '2018-11-28', 88, 1),
(1013, '2018-11-28', 96, 1),
(1014, '2018-11-28', 41, 1),
(1015, '2018-11-29', 10, 1),
(1016, '2018-11-29', 164, 3),
(1017, '2018-11-29', 16, 2),
(1018, '2018-11-29', 1, 2),
(1019, '2018-11-29', 140, 1),
(1020, '2018-11-29', 10, 3),
(1021, '2018-11-29', 5, 1),
(1022, '2018-11-29', 6, 1),
(1023, '2018-11-29', 56, 1),
(1024, '2018-11-29', 133, 1),
(1025, '2018-11-29', 8, 1),
(1026, '2018-11-29', 133, 1),
(1027, '2018-11-29', 69, 1),
(1028, '2018-11-30', 101, 1),
(1029, '2018-11-30', 5, 1),
(1030, '2018-11-30', 24, 1),
(1031, '2018-12-01', 8, 1),
(1032, '2018-12-01', 19, 1),
(1033, '2018-12-01', 142, 1),
(1034, '2018-12-01', 133, 1),
(1035, '2018-12-01', 20, 2),
(1036, '2018-12-01', 158, 1),
(1037, '2018-12-01', 71, 1),
(1038, '2018-12-01', 52, 1),
(1039, '2018-12-03', 60, 1),
(1040, '2018-12-03', 136, 1),
(1041, '2018-12-03', 18, 1),
(1042, '2018-12-03', 54, 1),
(1043, '2018-12-03', 2, 1),
(1044, '2018-12-03', 114, 1),
(1045, '2018-12-03', 133, 1),
(1046, '2018-12-03', 40, 1),
(1047, '2018-12-03', 69, 1),
(1048, '2018-12-03', 161, 1),
(1049, '2018-12-03', 165, 1),
(1050, '2018-12-03', 8, 1),
(1051, '2018-12-03', 18, 1),
(1052, '2018-12-04', 1, 1),
(1053, '2018-12-04', 64, 1),
(1054, '2018-12-04', 143, 1),
(1055, '2018-12-04', 114, 1),
(1056, '2018-12-05', 144, 1),
(1057, '2018-12-06', 20, 1),
(1058, '2018-12-06', 136, 1),
(1059, '2018-12-06', 8, 1),
(1060, '2018-12-06', 150, 1),
(1061, '2018-12-06', 8, 1),
(1062, '2018-12-07', 8, 1),
(1063, '2018-12-07', 10, 1),
(1064, '2018-12-07', 7, 1),
(1065, '2018-12-07', 136, 1),
(1066, '2018-12-07', 7, 1),
(1067, '2018-12-07', 16, 1),
(1068, '2018-12-07', 77, 1),
(1069, '2018-12-07', 145, 1),
(1070, '2018-12-07', 60, 1),
(1071, '2018-12-07', 32, 1),
(1072, '2018-12-08', 54, 1),
(1073, '2018-12-08', 23, 1),
(1074, '2018-12-08', 133, 2),
(1075, '2018-12-08', 107, 1),
(1076, '2018-12-08', 113, 1),
(1077, '2018-12-10', 114, 5),
(1078, '2018-12-10', 66, 2),
(1079, '2018-12-10', 113, 1),
(1080, '2018-12-10', 54, 5),
(1081, '2018-12-10', 138, 1),
(1082, '2018-12-10', 2, 1),
(1083, '2018-12-10', 77, 3),
(1084, '2018-12-10', 3, 3),
(1085, '2018-12-10', 59, 5),
(1086, '2018-12-10', 166, 3),
(1087, '2018-12-10', 62, 2),
(1088, '2018-12-10', 42, 1),
(1089, '2018-12-10', 133, 10),
(1090, '2018-12-10', 16, 10),
(1091, '2018-12-10', 136, 5),
(1092, '2018-12-10', 1, 5),
(1093, '2018-12-10', 40, 10),
(1094, '2018-12-10', 55, 2),
(1095, '2018-12-10', 24, 2),
(1096, '2018-12-10', 61, 2),
(1097, '2018-12-10', 42, 5),
(1098, '2018-12-10', 77, 6),
(1099, '2018-12-10', 167, 3),
(1100, '2018-12-10', 168, 3),
(1101, '2018-12-10', 162, 2),
(1102, '2018-12-10', 61, 2),
(1103, '2018-12-10', 67, 1),
(1104, '2018-12-10', 40, 4),
(1105, '2018-12-10', 49, 2),
(1106, '2018-12-10', 114, 1),
(1107, '2018-12-10', 133, 1),
(1108, '2018-12-10', 55, 2),
(1109, '2018-12-10', 107, 1),
(1110, '2018-12-10', 69, 1),
(1111, '2018-12-10', 62, 1),
(1112, '2018-12-10', 34, 1),
(1113, '2018-12-10', 69, 1),
(1114, '2018-12-10', 49, 1),
(1115, '2018-12-10', 169, 1),
(1116, '2018-12-10', 54, 2),
(1117, '2018-12-10', 32, 1),
(1118, '2018-12-11', 24, 1),
(1119, '2018-12-11', 26, 1),
(1120, '2018-12-11', 71, 1),
(1121, '2018-12-11', 89, 1),
(1122, '2018-12-11', 117, 1),
(1123, '2018-12-11', 142, 1),
(1124, '2018-12-11', 64, 1),
(1125, '2018-12-11', 26, 3),
(1126, '2018-12-11', 26, 1),
(1127, '2018-12-11', 24, 1),
(1128, '2018-12-11', 29, 1),
(1129, '2018-12-11', 52, 1),
(1130, '2018-12-11', 6, 1),
(1131, '2018-12-11', 170, 1),
(1132, '2018-12-11', 36, 1),
(1133, '2018-12-12', 104, 1),
(1134, '2018-12-12', 171, 1),
(1135, '2018-12-12', 133, 10),
(1136, '2018-12-12', 3, 3),
(1137, '2018-12-12', 77, 2),
(1138, '2018-12-12', 20, 2),
(1139, '2018-12-12', 42, 3),
(1140, '2018-12-12', 12, 3),
(1141, '2018-12-12', 169, 1),
(1142, '2018-12-12', 143, 1),
(1143, '2018-12-12', 17, 2),
(1144, '2018-12-12', 29, 2),
(1145, '2018-12-12', 52, 1),
(1146, '2018-12-12', 171, 1),
(1147, '2018-12-12', 62, 1),
(1148, '2018-12-12', 23, 2),
(1149, '2018-12-12', 29, 3),
(1150, '2018-12-12', 34, 1),
(1151, '2018-12-12', 165, 1),
(1152, '2018-12-12', 138, 1),
(1153, '2018-12-12', 9, 5),
(1154, '2018-12-12', 61, 1),
(1155, '2018-12-13', 89, 2),
(1156, '2018-12-13', 4, 3),
(1157, '2018-12-13', 74, 2),
(1158, '2018-12-13', 71, 1),
(1159, '2018-12-13', 69, 2),
(1160, '2018-12-13', 117, 1),
(1161, '2018-12-13', 113, 1),
(1162, '2018-12-13', 26, 2),
(1163, '2018-12-13', 88, 5),
(1164, '2018-12-13', 39, 1),
(1165, '2018-12-13', 61, 2),
(1166, '2018-12-13', 63, 1),
(1167, '2018-12-13', 22, 2),
(1168, '2018-12-13', 34, 1),
(1169, '2018-12-13', 74, 3),
(1170, '2018-12-13', 62, 1),
(1171, '2018-12-13', 49, 1),
(1172, '2018-12-13', 67, 1),
(1173, '2018-12-13', 36, 1),
(1174, '2018-12-15', 113, 1),
(1175, '2018-12-15', 57, 1),
(1176, '2018-12-15', 9, 5),
(1177, '2018-12-15', 172, 2),
(1178, '2018-12-15', 150, 2),
(1179, '2018-12-15', 173, 2),
(1180, '2018-12-15', 75, 1),
(1181, '2018-12-15', 133, 1),
(1182, '2018-12-15', 146, 1),
(1183, '2018-12-15', 1, 1),
(1184, '2018-12-15', 23, 1),
(1185, '2018-12-15', 26, 1),
(1186, '2018-12-15', 101, 1),
(1187, '2018-12-15', 9, 10),
(1188, '2018-12-15', 65, 3),
(1189, '2018-12-15', 14, 1),
(1190, '2018-12-15', 173, 1),
(1191, '2018-12-15', 57, 1),
(1192, '2018-12-15', 26, 2),
(1193, '2018-12-15', 23, 1),
(1194, '2018-12-15', 12, 1),
(1195, '2018-12-15', 2, 2),
(1196, '2018-12-15', 32, 1),
(1197, '2018-12-15', 60, 1),
(1198, '2018-12-15', 142, 1),
(1199, '2018-12-18', 42, 3),
(1200, '2018-12-18', 171, 1),
(1201, '2018-12-18', 88, 1),
(1202, '2018-12-18', 165, 1),
(1203, '2018-12-18', 19, 1),
(1204, '2018-12-18', 133, 1),
(1205, '2018-12-18', 89, 1),
(1206, '2018-12-18', 174, 1),
(1207, '2018-12-18', 25, 1),
(1208, '2018-12-18', 16, 2),
(1209, '2018-12-18', 73, 1),
(1210, '2018-12-18', 34, 1),
(1211, '2018-12-18', 9, 1),
(1212, '2018-12-18', 48, 1),
(1213, '2018-12-18', 75, 1),
(1214, '2018-12-18', 16, 2),
(1215, '2018-12-18', 32, 1),
(1216, '2018-12-18', 169, 1),
(1217, '2018-12-18', 40, 2),
(1218, '2018-12-18', 49, 2),
(1219, '2018-12-18', 10, 2),
(1220, '2018-12-18', 20, 1),
(1221, '2018-12-18', 14, 1),
(1222, '2018-12-18', 161, 1),
(1223, '2018-12-18', 34, 1),
(1224, '2018-12-18', 24, 1),
(1225, '2018-12-18', 107, 1),
(1226, '2018-12-18', 140, 1),
(1227, '2018-12-18', 52, 1),
(1228, '2018-12-18', 7, 2),
(1229, '2018-12-18', 60, 3),
(1230, '2018-12-18', 16, 2),
(1231, '2018-12-20', 174, 1),
(1232, '2018-12-20', 123, 1),
(1233, '2018-12-20', 140, 1),
(1234, '2018-12-20', 19, 1),
(1235, '2018-12-20', 92, 1),
(1236, '2018-12-20', 10, 1),
(1237, '2018-12-20', 44, 1),
(1238, '2018-12-20', 52, 1),
(1239, '2018-12-20', 114, 1),
(1240, '2018-12-20', 140, 1),
(1241, '2018-12-20', 107, 1),
(1242, '2018-12-20', 175, 1),
(1243, '2018-12-20', 42, 1),
(1244, '2018-12-20', 68, 1),
(1245, '2018-12-20', 29, 3),
(1246, '2018-12-21', 9, 7),
(1247, '2018-12-21', 167, 1),
(1248, '2018-12-21', 176, 1),
(1249, '2018-12-21', 2, 1),
(1250, '2018-12-21', 173, 1),
(1251, '2018-12-21', 122, 1),
(1252, '2018-12-21', 161, 1),
(1253, '2018-12-21', 130, 1),
(1254, '2018-12-21', 40, 2),
(1255, '2018-12-21', 42, 1),
(1256, '2018-12-21', 73, 2),
(1257, '2018-12-21', 162, 1),
(1258, '2018-12-21', 167, 2),
(1259, '2018-12-21', 177, 1),
(1260, '2018-12-21', 94, 1),
(1261, '2018-12-21', 162, 1),
(1262, '2018-12-21', 68, 1),
(1263, '2018-12-21', 161, 1),
(1264, '2018-12-21', 162, 1),
(1265, '2018-12-21', 61, 1),
(1266, '2018-12-21', 19, 2),
(1267, '2018-12-21', 69, 1),
(1268, '2018-12-21', 8, 1),
(1269, '2018-12-26', 10, 1),
(1270, '2018-12-26', 69, 1),
(1271, '2018-12-26', 9, 1),
(1272, '2018-12-26', 17, 1),
(1273, '2018-12-26', 88, 1),
(1274, '2018-12-26', 101, 1),
(1275, '2018-12-26', 55, 1),
(1276, '2018-12-26', 75, 1),
(1277, '2018-12-26', 130, 1),
(1278, '2018-12-26', 31, 1),
(1279, '2018-12-26', 9, 10),
(1280, '2018-12-26', 16, 3),
(1281, '2018-12-26', 168, 2),
(1282, '2018-12-26', 133, 1),
(1283, '2018-12-26', 73, 1),
(1284, '2018-12-26', 165, 1),
(1285, '2018-12-26', 36, 1),
(1286, '2018-12-26', 42, 1),
(1287, '2018-12-26', 24, 1),
(1288, '2018-12-26', 71, 1),
(1289, '2018-12-26', 162, 2),
(1290, '2018-12-26', 161, 2),
(1291, '2018-12-26', 89, 1),
(1292, '2018-12-26', 40, 2),
(1293, '2018-12-26', 75, 1),
(1294, '2018-12-26', 28, 1),
(1295, '2018-12-26', 165, 2),
(1296, '2018-12-26', 34, 1),
(1297, '2018-12-26', 16, 2),
(1298, '2018-12-29', 73, 2),
(1299, '2018-12-29', 42, 2),
(1300, '2018-12-29', 133, 3),
(1301, '2018-12-29', 16, 1),
(1302, '2018-12-29', 4, 1),
(1303, '2018-12-29', 16, 3),
(1304, '2018-12-29', 114, 1),
(1305, '2018-12-29', 70, 1),
(1306, '2018-12-29', 7, 3),
(1307, '2018-12-29', 12, 1),
(1308, '2018-12-29', 58, 2),
(1309, '2018-12-29', 178, 1),
(1310, '2018-12-29', 12, 1),
(1311, '2018-12-29', 9, 5),
(1312, '2018-12-29', 172, 1),
(1313, '2018-12-29', 127, 2),
(1314, '2019-01-05', 151, 1),
(1315, '2019-01-05', 134, 1),
(1316, '2019-01-05', 42, 2),
(1317, '2019-01-05', 127, 2),
(1318, '2019-01-05', 88, 2),
(1319, '2019-01-05', 61, 2),
(1320, '2019-01-05', 48, 1),
(1321, '2019-01-05', 54, 2),
(1322, '2019-01-05', 149, 1),
(1323, '2019-01-05', 153, 1),
(1324, '2019-01-05', 73, 2),
(1325, '2019-01-05', 96, 1),
(1326, '2019-01-05', 37, 1),
(1327, '2019-01-05', 12, 2),
(1328, '2019-01-05', 133, 5),
(1329, '2019-01-05', 114, 1),
(1330, '2019-01-05', 26, 1),
(1331, '2019-01-05', 179, 1),
(1332, '2019-01-05', 73, 1),
(1333, '2019-01-05', 127, 2),
(1334, '2019-01-05', 162, 2),
(1335, '2019-01-05', 141, 1),
(1336, '2019-01-07', 71, 1),
(1337, '2019-01-07', 16, 1),
(1338, '2019-01-07', 180, 1),
(1339, '2019-01-07', 64, 1),
(1340, '2019-01-07', 181, 1),
(1341, '2019-01-07', 3, 1),
(1342, '2019-01-07', 78, 1),
(1343, '2019-01-07', 167, 1),
(1344, '2019-01-07', 174, 1),
(1345, '2019-01-07', 5, 2),
(1346, '2019-01-07', 71, 1),
(1347, '2019-01-07', 70, 1),
(1348, '2019-01-07', 161, 1),
(1349, '2019-01-07', 80, 2),
(1350, '2019-01-07', 18, 1),
(1351, '2019-01-07', 142, 1),
(1352, '2019-01-07', 133, 1),
(1353, '2019-01-07', 9, 30),
(1354, '2019-01-07', 133, 2),
(1355, '2019-01-07', 20, 2),
(1356, '2019-01-07', 69, 1),
(1357, '2019-01-07', 8, 1),
(1358, '2019-01-07', 49, 1),
(1359, '2019-01-07', 114, 1),
(1360, '2019-01-07', 54, 1),
(1361, '2019-01-07', 16, 1),
(1362, '2019-01-07', 102, 1),
(1363, '2019-01-07', 75, 1),
(1364, '2019-01-07', 34, 1),
(1365, '2019-01-07', 16, 1),
(1366, '2019-01-07', 18, 1),
(1367, '2019-01-07', 30, 1),
(1368, '2019-01-07', 62, 1),
(1369, '2019-01-07', 182, 1),
(1370, '2019-01-09', 22, 1),
(1371, '2019-01-09', 172, 2),
(1372, '2019-01-09', 73, 4),
(1373, '2019-01-09', 183, 1),
(1374, '2019-01-09', 141, 2),
(1375, '2019-01-09', 184, 2),
(1376, '2019-01-09', 4, 1),
(1377, '2019-01-09', 24, 1),
(1378, '2019-01-09', 133, 5),
(1379, '2019-01-09', 102, 1),
(1380, '2019-01-09', 80, 2),
(1381, '2019-01-09', 34, 1),
(1382, '2019-01-09', 147, 2),
(1383, '2019-01-09', 89, 1),
(1384, '2019-01-09', 88, 2),
(1385, '2019-01-09', 113, 1),
(1386, '2019-01-09', 12, 1),
(1387, '2019-01-09', 61, 1),
(1388, '2019-01-09', 42, 1),
(1389, '2019-01-09', 30, 1),
(1390, '2019-01-11', 185, 1),
(1391, '2019-01-11', 113, 1),
(1392, '2019-01-11', 105, 1),
(1393, '2019-01-11', 177, 1),
(1394, '2019-01-11', 186, 1),
(1395, '2019-01-11', 69, 1),
(1396, '2019-01-11', 187, 1),
(1397, '2019-01-11', 85, 1),
(1398, '2019-01-11', 150, 2),
(1399, '2019-01-11', 88, 5),
(1400, '2019-01-11', 61, 2),
(1401, '2019-01-11', 138, 1),
(1402, '2019-01-11', 62, 1),
(1403, '2019-01-11', 188, 2),
(1404, '2019-01-11', 34, 2),
(1405, '2019-01-11', 40, 3),
(1406, '2019-01-11', 60, 1),
(1407, '2019-01-11', 74, 1),
(1408, '2019-01-11', 189, 1),
(1409, '2019-01-11', 161, 2),
(1410, '2019-01-11', 5, 1),
(1411, '2019-01-11', 162, 1),
(1412, '2019-01-11', 133, 2),
(1413, '2019-01-11', 20, 1),
(1414, '2019-01-11', 113, 1),
(1415, '2019-01-11', 55, 1),
(1416, '2019-01-11', 62, 1),
(1417, '2019-01-11', 9, 10),
(1418, '2019-01-14', 42, 1),
(1419, '2019-01-14', 88, 2),
(1420, '2019-01-14', 133, 1),
(1421, '2019-01-14', 1, 1),
(1422, '2019-01-14', 89, 1),
(1423, '2019-01-14', 80, 1),
(1424, '2019-01-14', 169, 1),
(1425, '2019-01-14', 150, 1),
(1426, '2019-01-14', 190, 1),
(1427, '2019-01-14', 105, 2),
(1428, '2019-01-14', 69, 2),
(1429, '2019-01-14', 42, 3),
(1430, '2019-01-14', 54, 2),
(1431, '2019-01-14', 66, 2),
(1432, '2019-01-14', 23, 2),
(1433, '2019-01-14', 191, 1),
(1434, '2019-01-14', 65, 2),
(1435, '2019-01-14', 24, 1),
(1436, '2019-01-14', 40, 1),
(1437, '2019-01-14', 192, 1),
(1438, '2019-01-14', 7, 1),
(1439, '2019-01-14', 54, 2),
(1440, '2019-01-14', 172, 1),
(1441, '2019-01-14', 12, 1),
(1442, '2019-01-17', 24, 2),
(1443, '2019-01-17', 1, 5),
(1444, '2019-01-17', 16, 5),
(1445, '2019-01-17', 8, 7),
(1446, '2019-01-17', 18, 5),
(1447, '2019-01-17', 34, 2),
(1448, '2019-01-17', 59, 1),
(1449, '2019-01-17', 73, 1),
(1450, '2019-01-17', 23, 1),
(1451, '2019-01-17', 7, 1),
(1452, '2019-01-17', 54, 2),
(1453, '2019-01-17', 3, 1),
(1454, '2019-01-17', 76, 2),
(1455, '2019-01-17', 191, 1),
(1456, '2019-01-17', 113, 1),
(1457, '2019-01-17', 3, 1),
(1458, '2019-01-17', 133, 1),
(1459, '2019-01-17', 2, 1),
(1460, '2019-01-18', 3, 1),
(1461, '2019-01-18', 77, 1),
(1462, '2019-01-18', 105, 2),
(1463, '2019-01-18', 70, 1),
(1464, '2019-01-18', 193, 1),
(1465, '2019-01-18', 2, 2),
(1466, '2019-01-18', 114, 1),
(1467, '2019-01-18', 146, 1),
(1468, '2019-01-18', 158, 1),
(1469, '2019-01-18', 77, 1),
(1470, '2019-01-18', 34, 2),
(1471, '2019-01-18', 9, 2),
(1472, '2019-01-18', 66, 1),
(1473, '2019-01-18', 55, 1),
(1474, '2019-01-18', 94, 1),
(1475, '2019-01-18', 131, 2),
(1476, '2019-01-18', 162, 2),
(1477, '2019-01-18', 20, 2),
(1478, '2019-01-18', 133, 2),
(1479, '2019-01-18', 108, 2),
(1480, '2019-01-18', 26, 1),
(1481, '2019-01-18', 125, 1),
(1482, '2019-01-18', 55, 1),
(1483, '2019-01-18', 61, 1),
(1484, '2019-01-21', 32, 1),
(1485, '2019-01-21', 102, 1),
(1486, '2019-01-21', 23, 1),
(1487, '2019-01-21', 194, 2),
(1488, '2019-01-21', 105, 1),
(1489, '2019-01-21', 65, 1),
(1490, '2019-01-21', 77, 1),
(1491, '2019-01-21', 59, 1),
(1492, '2019-01-21', 195, 1),
(1493, '2019-01-21', 77, 1),
(1494, '2019-01-21', 146, 1),
(1495, '2019-01-21', 196, 1),
(1496, '2019-01-21', 9, 10),
(1497, '2019-01-21', 16, 1),
(1498, '2019-01-21', 133, 1),
(1499, '2019-01-21', 7, 1),
(1500, '2019-01-21', 102, 1),
(1501, '2019-01-21', 69, 1),
(1502, '2019-01-21', 68, 1),
(1503, '2019-01-21', 133, 1),
(1504, '2019-01-21', 23, 1),
(1505, '2019-01-21', 8, 2),
(1506, '2019-01-21', 158, 1),
(1507, '2019-01-21', 136, 1),
(1508, '2019-01-24', 9, 20),
(1509, '2019-01-24', 76, 1),
(1510, '2019-01-24', 8, 1),
(1511, '2019-01-24', 16, 1),
(1512, '2019-01-24', 69, 1),
(1513, '2019-01-24', 133, 5),
(1514, '2019-01-24', 195, 1),
(1515, '2019-01-24', 77, 1),
(1516, '2019-01-24', 23, 2),
(1517, '2019-01-24', 40, 2),
(1518, '2019-01-24', 187, 1),
(1519, '2019-01-24', 77, 1),
(1520, '2019-01-24', 69, 1),
(1521, '2019-01-24', 113, 1),
(1522, '2019-01-24', 125, 1),
(1523, '2019-01-24', 85, 1),
(1524, '2019-01-24', 61, 1),
(1525, '2019-01-26', 164, 1),
(1526, '2019-01-26', 40, 1),
(1527, '2019-01-26', 49, 1),
(1528, '2019-01-26', 48, 1),
(1529, '2019-01-26', 15, 1),
(1530, '2019-01-26', 187, 1),
(1531, '2019-01-26', 167, 1),
(1532, '2019-01-26', 92, 1),
(1533, '2019-01-26', 2, 1),
(1534, '2019-01-26', 42, 1),
(1535, '2019-01-26', 96, 1),
(1536, '2019-01-26', 26, 1),
(1537, '2019-01-26', 92, 1),
(1538, '2019-01-26', 55, 1),
(1539, '2019-01-26', 8, 5),
(1540, '2019-01-26', 62, 1),
(1541, '2019-01-26', 16, 3),
(1542, '2019-01-26', 30, 1),
(1543, '2019-01-26', 34, 2),
(1544, '2019-01-26', 76, 1),
(1545, '2019-01-26', 9, 10),
(1546, '2019-01-26', 54, 1),
(1547, '2019-01-28', 16, 3),
(1548, '2019-01-28', 54, 1),
(1549, '2019-01-28', 55, 2),
(1550, '2019-01-28', 77, 1),
(1551, '2019-01-28', 117, 1),
(1552, '2019-01-28', 68, 1),
(1553, '2019-01-28', 34, 1),
(1554, '2019-01-28', 56, 1),
(1555, '2019-01-28', 197, 1),
(1556, '2019-01-31', 5, 1),
(1557, '2019-01-31', 50, 1),
(1558, '2019-01-31', 197, 1),
(1559, '2019-01-31', 15, 1),
(1560, '2019-01-31', 172, 1),
(1561, '2019-01-31', 77, 3),
(1562, '2019-01-31', 42, 2),
(1563, '2019-01-31', 59, 5),
(1564, '2019-01-31', 159, 1),
(1565, '2019-01-31', 3, 1),
(1566, '2019-01-31', 88, 2),
(1567, '2019-01-31', 52, 1),
(1568, '2019-01-31', 61, 1),
(1569, '2019-01-31', 82, 1),
(1570, '2019-01-31', 198, 1),
(1571, '2019-01-31', 84, 1),
(1572, '2019-01-31', 59, 1),
(1573, '2019-01-31', 77, 1),
(1574, '2019-01-31', 73, 1),
(1575, '2019-01-31', 10, 1),
(1576, '2019-01-31', 8, 1),
(1577, '2019-01-31', 7, 1),
(1578, '2019-01-31', 199, 1),
(1579, '2019-01-31', 30, 1),
(1580, '2019-01-31', 72, 2),
(1581, '2019-01-31', 1, 1),
(1582, '2019-01-31', 16, 1),
(1583, '2019-01-31', 40, 1),
(1584, '2019-01-31', 34, 2),
(1585, '2019-01-31', 133, 5),
(1586, '2019-01-31', 49, 1),
(1587, '2019-01-31', 52, 1),
(1588, '2019-01-31', 88, 5),
(1589, '2019-01-31', 7, 1),
(1590, '2019-01-31', 73, 5),
(1591, '2019-01-31', 42, 2),
(1592, '2019-01-31', 5, 7),
(1593, '2019-01-31', 59, 1),
(1594, '2019-02-06', 3, 1),
(1595, '2019-02-06', 77, 1),
(1596, '2019-02-06', 73, 1),
(1597, '2019-02-06', 132, 1),
(1598, '2019-02-06', 64, 1),
(1599, '2019-02-06', 73, 1),
(1600, '2019-02-06', 127, 1),
(1601, '2019-02-06', 10, 1),
(1602, '2019-02-06', 55, 1),
(1603, '2019-02-06', 18, 1),
(1604, '2019-02-06', 12, 1),
(1605, '2019-02-06', 165, 1),
(1606, '2019-02-06', 69, 1),
(1607, '2019-02-06', 10, 2),
(1608, '2019-02-06', 133, 1),
(1609, '2019-02-06', 61, 1),
(1610, '2019-02-06', 12, 2),
(1611, '2019-02-06', 114, 1),
(1612, '2019-02-06', 200, 3),
(1613, '2019-02-06', 16, 2),
(1614, '2019-02-06', 52, 1),
(1615, '2019-02-06', 102, 1),
(1616, '2019-02-06', 23, 1),
(1617, '2019-02-06', 96, 1),
(1618, '2019-02-06', 9, 10),
(1619, '2019-02-06', 16, 11),
(1620, '2019-02-06', 1, 4),
(1621, '2019-02-06', 127, 1),
(1622, '2019-02-06', 42, 1),
(1623, '2019-02-06', 55, 1),
(1624, '2019-02-06', 9, 10),
(1625, '2019-02-08', 34, 2),
(1626, '2019-02-08', 54, 2),
(1627, '2019-02-08', 173, 2),
(1628, '2019-02-08', 201, 1),
(1629, '2019-02-08', 82, 1),
(1630, '2019-02-08', 10, 5),
(1631, '2019-02-08', 69, 2),
(1632, '2019-02-08', 96, 1),
(1633, '2019-02-08', 202, 1),
(1634, '2019-02-08', 133, 5),
(1635, '2019-02-08', 136, 2),
(1636, '2019-02-08', 34, 3),
(1637, '2019-02-08', 7, 1),
(1638, '2019-02-08', 76, 1),
(1639, '2019-02-08', 92, 1),
(1640, '2019-02-08', 150, 1),
(1641, '2019-02-08', 196, 1),
(1642, '2019-02-08', 52, 1),
(1643, '2019-02-08', 92, 1),
(1644, '2019-02-08', 94, 1),
(1645, '2019-02-09', 23, 6),
(1646, '2019-02-09', 55, 2),
(1647, '2019-02-09', 67, 1),
(1648, '2019-02-09', 163, 1),
(1649, '2019-02-09', 42, 1),
(1650, '2019-02-09', 148, 6),
(1651, '2019-02-09', 80, 2),
(1652, '2019-02-09', 7, 5),
(1653, '2019-02-09', 32, 3),
(1654, '2019-02-09', 75, 1),
(1655, '2019-02-09', 2, 1),
(1656, '2019-02-09', 147, 1),
(1657, '2019-02-09', 131, 1),
(1658, '2019-02-09', 31, 1),
(1659, '2019-02-09', 203, 2),
(1660, '2019-02-09', 63, 1),
(1661, '2019-02-09', 142, 1),
(1662, '2019-02-09', 54, 1),
(1663, '2019-02-09', 61, 1),
(1664, '2019-02-09', 9, 2),
(1665, '2019-02-09', 198, 1),
(1666, '2019-02-09', 204, 1),
(1667, '2019-02-09', 8, 5),
(1668, '2019-02-09', 54, 2),
(1669, '2019-02-09', 147, 1),
(1670, '2019-02-09', 80, 1),
(1671, '2019-02-09', 62, 1),
(1672, '2019-02-09', 23, 2),
(1673, '2019-02-09', 194, 2),
(1674, '2019-02-09', 60, 5),
(1675, '2019-02-09', 63, 1),
(1676, '2019-02-12', 77, 2),
(1677, '2019-02-12', 20, 2),
(1678, '2019-02-12', 69, 2),
(1679, '2019-02-12', 113, 1),
(1680, '2019-02-12', 205, 2),
(1681, '2019-02-12', 12, 1),
(1682, '2019-02-12', 59, 2),
(1683, '2019-02-12', 42, 2),
(1684, '2019-02-12', 10, 5),
(1685, '2019-02-12', 54, 1),
(1686, '2019-02-12', 71, 1),
(1687, '2019-02-12', 23, 1),
(1688, '2019-02-12', 24, 1),
(1689, '2019-02-12', 200, 1),
(1690, '2019-02-12', 133, 2),
(1691, '2019-02-12', 206, 1),
(1692, '2019-02-12', 200, 1),
(1693, '2019-02-12', 107, 2),
(1694, '2019-02-12', 158, 1),
(1695, '2019-02-14', 16, 3),
(1696, '2019-02-14', 114, 2),
(1697, '2019-02-14', 64, 1),
(1698, '2019-02-14', 138, 1),
(1699, '2019-02-14', 138, 1),
(1700, '2019-02-14', 55, 2),
(1701, '2019-02-14', 65, 2),
(1702, '2019-02-14', 18, 3),
(1703, '2019-02-14', 73, 2),
(1704, '2019-02-14', 16, 5),
(1705, '2019-02-14', 92, 1),
(1706, '2019-02-14', 25, 2),
(1707, '2019-02-14', 21, 1),
(1708, '2019-02-14', 133, 1),
(1709, '2019-02-14', 20, 1),
(1710, '2019-02-14', 75, 1),
(1711, '2019-02-14', 12, 1),
(1712, '2019-02-14', 165, 1),
(1713, '2019-02-14', 113, 1),
(1714, '2019-02-14', 64, 1),
(1715, '2019-02-14', 107, 2),
(1716, '2019-02-14', 71, 1),
(1717, '2019-02-14', 104, 1),
(1718, '2019-02-14', 68, 2),
(1719, '2019-02-14', 15, 1),
(1720, '2019-02-14', 10, 1),
(1721, '2019-02-16', 20, 1),
(1722, '2019-02-16', 133, 1),
(1723, '2019-02-16', 92, 1),
(1724, '2019-02-16', 16, 10),
(1725, '2019-02-16', 1, 5),
(1726, '2019-02-16', 9, 20),
(1727, '2019-02-16', 36, 1),
(1728, '2019-02-16', 84, 1),
(1729, '2019-02-16', 68, 1),
(1730, '2019-02-16', 20, 1),
(1731, '2019-02-16', 1, 1),
(1732, '2019-02-16', 140, 1),
(1733, '2019-02-16', 55, 1),
(1734, '2019-02-16', 8, 1),
(1735, '2019-02-16', 18, 1),
(1736, '2019-02-16', 148, 1),
(1737, '2019-02-16', 17, 1),
(1738, '2019-02-16', 161, 1),
(1739, '2019-02-19', 73, 1),
(1740, '2019-02-19', 133, 5),
(1741, '2019-02-19', 183, 1),
(1742, '2019-02-19', 133, 1),
(1743, '2019-02-19', 207, 1),
(1744, '2019-02-19', 127, 2),
(1745, '2019-02-19', 164, 2),
(1746, '2019-02-19', 72, 2),
(1747, '2019-02-19', 208, 2),
(1748, '2019-02-19', 209, 1),
(1749, '2019-02-19', 12, 2),
(1750, '2019-02-19', 76, 1),
(1751, '2019-02-19', 207, 1),
(1752, '2019-02-19', 8, 2),
(1753, '2019-02-19', 73, 1),
(1754, '2019-02-19', 2, 1),
(1755, '2019-02-19', 114, 1),
(1756, '2019-02-19', 73, 2),
(1757, '2019-02-19', 12, 2),
(1758, '2019-02-19', 9, 5),
(1759, '2019-02-21', 55, 3),
(1760, '2019-02-21', 99, 1),
(1761, '2019-02-21', 133, 5),
(1762, '2019-02-21', 200, 3),
(1763, '2019-02-21', 82, 1),
(1764, '2019-02-21', 99, 1),
(1765, '2019-02-21', 161, 1),
(1766, '2019-02-21', 26, 2),
(1767, '2019-02-21', 54, 2),
(1768, '2019-02-21', 1, 3),
(1769, '2019-02-21', 54, 2),
(1770, '2019-02-21', 76, 1),
(1771, '2019-02-21', 49, 1),
(1772, '2019-02-21', 196, 1),
(1773, '2019-02-21', 138, 2),
(1774, '2019-02-21', 133, 2),
(1775, '2019-02-21', 75, 1),
(1776, '2019-02-21', 80, 1),
(1777, '2019-02-21', 61, 4),
(1778, '2019-02-21', 210, 1),
(1779, '2019-02-21', 21, 2),
(1780, '2019-02-21', 16, 2),
(1781, '2019-02-21', 30, 1),
(1782, '2019-02-21', 1, 1),
(1783, '2019-02-26', 69, 1),
(1784, '2019-02-26', 75, 1),
(1785, '2019-02-26', 16, 7),
(1786, '2019-02-26', 1, 4),
(1787, '2019-02-26', 133, 1),
(1788, '2019-02-26', 54, 3),
(1789, '2019-02-26', 21, 2),
(1790, '2019-02-26', 2, 3),
(1791, '2019-02-26', 196, 1),
(1792, '2019-02-26', 9, 30),
(1793, '2019-02-26', 57, 1),
(1794, '2019-02-26', 196, 1),
(1795, '2019-02-26', 164, 1),
(1796, '2019-02-26', 25, 1),
(1797, '2019-02-26', 60, 1),
(1798, '2019-02-26', 163, 1),
(1799, '2019-02-26', 172, 1),
(1800, '2019-02-26', 164, 1),
(1801, '2019-02-26', 9, 4),
(1802, '2019-02-26', 54, 1),
(1803, '2019-02-26', 10, 10),
(1804, '2019-02-26', 135, 1),
(1805, '2019-02-26', 102, 1),
(1806, '2019-02-28', 143, 1),
(1807, '2019-02-28', 16, 2),
(1808, '2019-02-28', 27, 1),
(1809, '2019-02-28', 23, 1),
(1810, '2019-02-28', 40, 5),
(1811, '2019-02-28', 164, 1),
(1812, '2019-02-28', 3, 2),
(1813, '2019-02-28', 136, 1),
(1814, '2019-02-28', 23, 1),
(1815, '2019-02-28', 188, 1),
(1816, '2019-02-28', 200, 2),
(1817, '2019-02-28', 10, 9),
(1818, '2019-02-28', 148, 10),
(1819, '2019-03-05', 3, 1),
(1820, '2019-03-05', 73, 1),
(1821, '2019-03-05', 69, 1),
(1822, '2019-03-05', 62, 1),
(1823, '2019-03-05', 59, 1),
(1824, '2019-03-05', 133, 10),
(1825, '2019-03-05', 88, 2),
(1826, '2019-03-05', 30, 3),
(1827, '2019-03-05', 50, 2),
(1828, '2019-03-05', 34, 2),
(1829, '2019-03-05', 59, 1),
(1830, '2019-03-05', 168, 1),
(1831, '2019-03-05', 140, 1),
(1832, '2019-03-05', 107, 1),
(1833, '2019-03-05', 25, 2),
(1834, '2019-03-05', 60, 3),
(1835, '2019-03-05', 7, 1),
(1836, '2019-03-05', 1, 1),
(1837, '2019-03-05', 16, 13),
(1838, '2019-03-05', 9, 25),
(1839, '2019-03-05', 2, 1),
(1840, '2019-03-05', 8, 2),
(1841, '2019-03-05', 26, 1),
(1842, '2019-03-05', 211, 1),
(1843, '2019-03-05', 212, 1),
(1844, '2019-03-05', 69, 1),
(1845, '2019-03-05', 26, 1),
(1846, '2019-03-07', 4, 1),
(1847, '2019-03-07', 85, 1),
(1848, '2019-03-07', 54, 2),
(1849, '2019-03-07', 3, 1),
(1850, '2019-03-07', 173, 1),
(1851, '2019-03-07', 3, 1),
(1852, '2019-03-07', 54, 1),
(1853, '2019-03-07', 49, 1),
(1854, '2019-03-07', 40, 3),
(1855, '2019-03-07', 113, 1),
(1856, '2019-03-07', 161, 1),
(1857, '2019-03-07', 64, 1),
(1858, '2019-03-07', 55, 2),
(1859, '2019-03-07', 24, 1),
(1860, '2019-03-07', 168, 1),
(1861, '2019-03-07', 114, 1),
(1862, '2019-03-07', 196, 1),
(1863, '2019-03-07', 200, 2),
(1864, '2019-03-07', 136, 1),
(1865, '2019-03-07', 163, 1),
(1866, '2019-03-07', 138, 1),
(1867, '2019-03-07', 23, 1),
(1868, '2019-03-07', 22, 1),
(1869, '2019-03-07', 68, 1),
(1870, '2019-03-07', 108, 1),
(1871, '2019-03-07', 57, 1),
(1872, '2019-03-07', 200, 4),
(1873, '2019-03-07', 69, 1),
(1874, '2019-03-09', 77, 3),
(1875, '2019-03-09', 49, 5),
(1876, '2019-03-09', 165, 3),
(1877, '2019-03-09', 73, 3),
(1878, '2019-03-09', 5, 5),
(1879, '2019-03-09', 60, 5),
(1880, '2019-03-09', 61, 5),
(1881, '2019-03-09', 20, 3),
(1882, '2019-03-09', 12, 2);
INSERT INTO `barang_masuk` (`id_masuk`, `tanggal`, `id_produk`, `jumlah`) VALUES
(1883, '2019-03-09', 113, 2),
(1884, '2019-03-09', 161, 2),
(1885, '2019-03-09', 15, 1),
(1886, '2019-03-09', 12, 1),
(1887, '2019-03-09', 34, 1),
(1888, '2019-03-09', 57, 1),
(1889, '2019-03-09', 32, 1),
(1890, '2019-03-13', 55, 3),
(1891, '2019-03-13', 23, 1),
(1892, '2019-03-13', 200, 2),
(1893, '2019-03-13', 69, 3),
(1894, '2019-03-13', 130, 2),
(1895, '2019-03-13', 26, 2),
(1896, '2019-03-13', 161, 2),
(1897, '2019-03-13', 69, 2),
(1898, '2019-03-13', 99, 1),
(1899, '2019-03-13', 40, 5),
(1900, '2019-03-13', 64, 1),
(1901, '2019-03-13', 62, 1),
(1902, '2019-03-13', 4, 1),
(1903, '2019-03-13', 73, 1),
(1904, '2019-03-13', 59, 1),
(1905, '2019-03-13', 141, 1),
(1906, '2019-03-13', 16, 2),
(1907, '2019-03-13', 1, 2),
(1908, '2019-03-13', 60, 3),
(1909, '2019-03-13', 30, 1),
(1910, '2019-03-13', 150, 2),
(1911, '2019-03-13', 1, 2),
(1912, '2019-03-13', 8, 3),
(1913, '2019-03-13', 22, 2),
(1914, '2019-03-13', 16, 2),
(1915, '2019-03-13', 107, 1),
(1916, '2019-03-13', 140, 1),
(1917, '2019-03-13', 34, 1),
(1918, '2019-03-13', 67, 1),
(1919, '2019-03-13', 9, 10),
(1920, '2019-03-13', 129, 1),
(1921, '2019-03-13', 34, 2),
(1922, '2019-03-14', 57, 2),
(1923, '2019-03-14', 69, 3),
(1924, '2019-03-14', 213, 1),
(1925, '2019-03-14', 142, 1),
(1926, '2019-03-14', 55, 1),
(1927, '2019-03-14', 52, 2),
(1928, '2019-03-14', 108, 2),
(1929, '2019-03-14', 187, 2),
(1930, '2019-03-14', 48, 1),
(1931, '2019-03-14', 138, 2),
(1932, '2019-03-14', 68, 2),
(1933, '2019-03-14', 30, 1),
(1934, '2019-03-14', 23, 2),
(1935, '2019-03-14', 22, 2),
(1936, '2019-03-14', 133, 3),
(1937, '2019-03-14', 16, 2),
(1938, '2019-03-14', 1, 2),
(1939, '2019-03-14', 9, 5),
(1940, '2019-03-14', 12, 2),
(1941, '2019-03-18', 30, 2),
(1942, '2019-03-18', 55, 2),
(1943, '2019-03-18', 16, 3),
(1944, '2019-03-18', 85, 1),
(1945, '2019-03-18', 105, 2),
(1946, '2019-03-18', 192, 1),
(1947, '2019-03-18', 133, 3),
(1948, '2019-03-18', 129, 1),
(1949, '2019-03-18', 67, 1),
(1950, '2019-03-18', 193, 1),
(1951, '2019-03-18', 18, 3),
(1952, '2019-03-18', 9, 30),
(1953, '2019-03-18', 146, 1),
(1954, '2019-03-18', 80, 2),
(1955, '2019-03-22', 55, 3),
(1956, '2019-03-22', 138, 1),
(1957, '2019-03-22', 50, 1),
(1958, '2019-03-22', 47, 1),
(1959, '2019-03-22', 57, 2),
(1960, '2019-03-22', 69, 3),
(1961, '2019-03-22', 50, 1),
(1962, '2019-03-22', 54, 2),
(1963, '2019-03-22', 1, 2),
(1964, '2019-03-22', 16, 1),
(1965, '2019-03-22', 133, 5),
(1966, '2019-03-22', 34, 1),
(1967, '2019-03-22', 55, 1),
(1968, '2019-03-22', 62, 1),
(1969, '2019-03-22', 200, 2),
(1970, '2019-03-22', 27, 1),
(1971, '2019-03-22', 18, 2),
(1972, '2019-03-22', 161, 2),
(1973, '2019-03-22', 9, 4),
(1974, '2019-03-22', 47, 1),
(1975, '2019-03-22', 61, 2),
(1976, '2019-03-22', 77, 1),
(1977, '2019-03-27', 54, 2),
(1978, '2019-03-27', 200, 2),
(1979, '2019-03-27', 210, 1),
(1980, '2019-03-27', 161, 1),
(1981, '2019-03-27', 59, 1),
(1982, '2019-03-27', 57, 2),
(1983, '2019-03-27', 128, 1),
(1984, '2019-03-27', 214, 1),
(1985, '2019-03-27', 73, 2),
(1986, '2019-03-27', 127, 1),
(1987, '2019-03-27', 3, 2),
(1988, '2019-03-27', 59, 1),
(1989, '2019-03-27', 34, 2),
(1990, '2019-03-27', 16, 2),
(1991, '2019-03-27', 8, 2),
(1992, '2019-03-27', 26, 2),
(1993, '2019-03-27', 150, 3),
(1994, '2019-03-27', 55, 1),
(1995, '2019-03-27', 5, 1),
(1996, '2019-03-27', 60, 1),
(1997, '2019-03-27', 84, 1),
(1998, '2019-03-27', 76, 1),
(1999, '2019-04-04', 69, 1),
(2000, '2019-04-04', 16, 5),
(2001, '2019-04-04', 133, 10),
(2002, '2019-04-04', 88, 2),
(2003, '2019-04-04', 54, 3),
(2004, '2019-04-04', 138, 1),
(2005, '2019-04-04', 67, 1),
(2006, '2019-04-04', 50, 1),
(2007, '2019-04-04', 142, 1),
(2008, '2019-04-04', 197, 1),
(2009, '2019-04-04', 26, 2),
(2010, '2019-04-04', 214, 2),
(2011, '2019-04-04', 3, 2),
(2012, '2019-04-04', 77, 1),
(2013, '2019-04-04', 59, 3),
(2014, '2019-04-04', 205, 1),
(2015, '2019-04-04', 42, 2),
(2016, '2019-04-04', 76, 2),
(2017, '2019-04-04', 215, 3),
(2018, '2019-04-04', 89, 1),
(2019, '2019-04-04', 96, 1),
(2020, '2019-04-04', 64, 1),
(2021, '2019-04-04', 62, 1),
(2022, '2019-04-04', 23, 2),
(2023, '2019-04-04', 22, 2),
(2024, '2019-04-04', 161, 1),
(2025, '2019-04-04', 129, 1),
(2026, '2019-04-04', 12, 2),
(2027, '2019-04-04', 24, 1),
(2028, '2019-04-04', 61, 2),
(2029, '2019-04-05', 200, 5),
(2030, '2019-04-05', 89, 1),
(2031, '2019-04-05', 24, 1),
(2032, '2019-04-05', 215, 2),
(2033, '2019-04-04', 9, 22),
(2034, '2019-04-05', 216, 1),
(2035, '2019-04-05', 207, 1),
(2036, '2019-04-05', 54, 2),
(2037, '2019-04-05', 13, 10),
(2038, '2019-04-05', 217, 2),
(2039, '2019-04-05', 168, 3),
(2040, '2019-04-05', 179, 1),
(2041, '2019-04-05', 188, 1),
(2042, '2019-04-05', 16, 4),
(2043, '2019-04-05', 55, 1);

-- --------------------------------------------------------

--
-- Table structure for table `jenis_produk`
--

CREATE TABLE `jenis_produk` (
  `id_jenis` int(11) NOT NULL,
  `nama_jenis` text NOT NULL
) ENGINE=InnoDB DEFAULT CHARSET=latin1;

--
-- Dumping data for table `jenis_produk`
--

INSERT INTO `jenis_produk` (`id_jenis`, `nama_jenis`) VALUES
(1, 'Paket'),
(2, 'Satuan');

-- --------------------------------------------------------

--
-- Table structure for table `produk`
--

CREATE TABLE `produk` (
  `id_produk` int(11) NOT NULL,
  `nama_produk` varchar(256) NOT NULL,
  `jenis_produk` int(11) NOT NULL,
  `harga` int(11) NOT NULL
) ENGINE=InnoDB DEFAULT CHARSET=latin1;

--
-- Dumping data for table `produk`
--

INSERT INTO `produk` (`id_produk`, `nama_produk`, `jenis_produk`, `harga`) VALUES
(1, 'CREAM PAGI SW2', 2, 135000),
(2, 'CREAM PAGI 2AC', 2, 135000),
(3, 'PAKET SW2 TONER MELASMA MC AF', 1, 378000),
(4, 'PAKET BODY WHITENING COMPLEX 3 IN 1 PH+ CAIR', 1, 585000),
(5, 'SABUN JERAWAT CAIR', 2, 50000),
(6, 'CLEANSING SOLUTION KECIL', 2, 40000),
(7, 'TR1', 2, 55000),
(8, 'BRIGHTENING DAY CREAM', 2, 95000),
(9, 'TONER BRIGTHENING', 2, 100000),
(10, 'SABUN M', 2, 70000),
(11, 'TONER SUPER', 2, 80000),
(12, 'CREAM MALAM 2 AC WHITENING', 2, 135000),
(13, 'SABUN WHITENING P 2 IN 1', 2, 25000),
(14, 'CREAM MALAM 2 AC1', 2, 125000),
(15, 'TONER AOC', 2, 100000),
(16, 'CREAM MALAM SW2', 2, 135000),
(17, 'CLEANSING SOLUTION BESAR', 2, 55000),
(18, 'RADIANCE NIGHT CREAM', 2, 95000),
(19, 'LOTION PAGI WHITENING BESAR', 2, 100000),
(20, 'DAY CREAM ROSE', 2, 150000),
(21, 'TONER KOMBINASI F', 2, 100000),
(22, 'WHITENING BODY CREAM KECIL', 2, 120000),
(23, 'WHITENING BODY CREAM BESAR', 2, 200000),
(24, 'WHITENING BODY LOTION KECIL', 2, 140000),
(25, 'BODY SOAP', 2, 50000),
(26, 'LIQUID PH +', 2, 150000),
(27, 'LINE CARE EYE CREAM', 2, 75000),
(28, 'TONER B STRONG', 2, 100000),
(29, 'MILKCLEANSER BESAR', 2, 55000),
(30, 'PAKET SW2 MIX 2 AC TONER ACNE CS TR', 1, 420000),
(31, 'AF5 (CREAM BOPENG)', 2, 75000),
(32, 'CREAM MALAM 2 AC', 2, 135000),
(33, 'SABUN WAJAH SW', 2, 80000),
(34, 'CREAM MALAM KD1', 2, 125000),
(35, 'CREAM MALAM M3', 2, 95000),
(36, 'SUNCARE FOR OILY 10 GR', 2, 85000),
(37, 'LOTION MALAM BESAR', 2, 90000),
(38, 'AHA BODY CREAM', 2, 50000),
(39, 'SUNBLOCK MELASMA', 2, 85000),
(40, 'SABUN WAJAH PLATINUM', 2, 120000),
(41, 'PAKET M1 MIX PB1 PS + TONER B STRONG', 1, 255000),
(42, 'PAKET 2 AC TONER ACNE CS TR', 1, 435000),
(43, 'SERUM WHITENING KOMPLEK KECIL', 2, 85000),
(44, 'PEMUTIH KETIAK', 2, 75000),
(45, 'DARK CIRCLE', 2, 85000),
(46, 'TONER KOMBINASI AC', 2, 110000),
(47, 'MILKCLEANSER KECIL', 2, 40000),
(48, 'SUNBLOCK SPF 50', 2, 85000),
(49, 'MILKCLEANSER PLATINUM', 2, 80000),
(50, 'LIGHTENING SERUM FOR ACNE 15 ML', 2, 265000),
(51, 'PAKET SW2 TONER B MC AF', 1, 430000),
(52, 'VITAMIN BIBIR', 2, 65000),
(53, 'BODY SCRUB LUX SUSU', 2, 65000),
(54, 'AF1', 2, 80000),
(55, 'WHITENING BODY LOTION BESAR', 2, 250000),
(56, 'SERUM LIFTING 15 ML', 2, 265000),
(57, 'CREAM MALAM SW PLATINUM', 2, 250000),
(58, 'SUNBLOCK B BONUS', 2, 35000),
(59, 'PAKET M1 TONER B MC SUN B', 1, 365000),
(60, 'SABUN JERAWAT PADAT', 2, 40000),
(61, 'SUNBLOCK B+', 2, 85000),
(62, 'PAKET BADAN PEMULA HEMAT CAIR', 1, 270000),
(63, 'SERUM WAJAH ARBUTIN 8 ML', 2, 85000),
(64, 'PAKET BADAN JUMBO HEMAT CAIR', 1, 435000),
(65, 'WHITENING SCRUB', 2, 40000),
(66, 'WET POWDER', 2, 80000),
(67, 'REGENESIS BRITHENING SERUM 15 ML', 2, 250000),
(68, 'WHITENING NIGHT CREAM', 2, 120000),
(69, 'HIGH EXCLUSIVE DAY CREAM', 2, 150000),
(70, 'EYE BAG MOISTURIZER', 2, 85000),
(71, 'SERUM FOR ACNE 8 ML', 2, 85000),
(72, 'PAKET M1 PS TONER B STRONG', 1, 265000),
(73, 'PAKET M1 PS + TONER B', 1, 265000),
(74, 'PAKET M1 PC + TONER B', 1, 265000),
(75, 'TONER AF', 2, 65000),
(76, 'CREAM MALAM 2 AC2', 2, 125000),
(77, 'PAKET SW2 TONER B MC SUN B', 1, 430000),
(78, 'PAKET SW2 MIX 2 AC TONER KOMBINASI AC CS TR', 1, 440000),
(79, 'PAKET M1 TONER B STRONG MC SUN B', 1, 365000),
(80, 'CREAM MALAM PB1', 2, 85000),
(81, 'PAKET SW2 TONER KOMBINASI F MC AF1', 1, 430000),
(82, 'PAKET SW2 TONER NORMAL MC SUN B', 1, 420000),
(83, 'PAKET M1 TONER MELASMA MC AF', 1, 355000),
(84, 'CENTEPORE CREAM', 2, 65000),
(85, 'BLEMISH PINK', 2, 85000),
(86, 'PAKET 2 AC PCS NON TONER CP/CP', 1, 315000),
(87, 'PAKET BADAN JUMBO LENGKAP', 1, 585000),
(88, 'ANTI IRITASI', 2, 10000),
(89, 'SERUM LIFTING 8 ML', 2, 150000),
(90, 'CREAM BADAN PK', 2, 120000),
(91, 'MINI PACK SERI PB1 TONER B', 1, 180000),
(92, 'PEMUTIH LEHER', 2, 75000),
(93, 'PAKET 2 AC PS + TONER ACNE', 1, 330000),
(94, 'SERUM VITAMIN C 15% 8ML', 2, 85000),
(95, 'BB CREAM 2', 2, 135000),
(96, 'PAKET BUMIL 1 AS TONER SUPER MC SUN B', 1, 390000),
(97, 'PAKET M1 MIX PB1 TONER ACNE CS TR', 1, 335000),
(98, 'PAKET M1 TONER KOMBINASI F MC AF', 1, 365000),
(99, 'LUMIWHITE WHITENING CREAM', 2, 150000),
(100, 'PAKET M1 PC + TONER B STRONG', 1, 255000),
(101, 'LOT PAGI EXC', 2, 110000),
(102, 'SABUN WHITENING EXC', 2, 165000),
(103, 'LOT EXC DIAMOND', 2, 110000),
(104, 'TONER NORMAL', 2, 65000),
(105, 'PAKET SW2 PC + TONER B', 1, 335000),
(106, 'SKIN TONIC ACNE', 2, 65000),
(107, 'LOTION MALAM KECIL', 2, 35000),
(108, 'CREAM MALAM 2 AC PU', 2, 135000),
(109, 'PAKET BUMIL 1 AS NORMAL MC SUN B', 1, 380000),
(110, 'PAKET M1 MIX PB1 TONER NORMAL CS TR', 1, 355000),
(111, 'SERUM GOLD 20 ML', 2, 175000),
(112, 'MINI PACK SERI PB1 TONER NORMAL', 1, 170000),
(113, 'BEDAK TABUR NAC', 2, 65000),
(114, 'ACNE NIGHT GEL', 2, 85000),
(115, 'PAKET BUMIL 1 AS MELASMA MC AF1', 1, 380000),
(116, 'PAKET M1 PS + TONER KOMBINASI F', 1, 265000),
(117, 'BEDAK TABUR LUXURY', 2, 100000),
(118, 'PAKET 2 AC PC + TONER ACNE', 1, 345000),
(119, 'SUNCARE FOR ACNE 10 GR', 2, 85000),
(120, 'AF1 BONUS', 2, 50000),
(121, 'PAKET SW2 MIX 2 AC TONER B MC TR', 1, 430000),
(122, 'PAKET M1 MIX PB1 TONER B CS TR', 1, 365000),
(123, 'PAKET BUMIL 1 AS PS + TONER AOC', 1, 275000),
(124, 'MOIST BESAR', 2, 40000),
(125, 'TONER ANTI OKSIDAN KECIL', 2, 80000),
(126, 'PAKET COMPLETE 2 IN 1 LENGKAP M1B + PEMULA HEMAT', 1, 580000),
(127, 'PAKET SW2 PS + TONER B', 1, 365000),
(128, 'LOT MALAM EXC', 2, 110000),
(129, 'ACNE SHOOTING CREAM', 2, 85000),
(130, 'SOOTHING CREAM', 2, 60000),
(131, 'PAKET PB1 PS + TONER B STRONG', 1, 210000),
(132, 'PAKET BADAN HEMAT EXCLUSIVE', 1, 435000),
(133, 'CREAM MALAM LUX GOLD', 2, 150000),
(134, 'PAKET PRAKTIS 2 AC WHITENING', 1, 335000),
(135, 'SERUM WAJAH ARBUTIN 20 ML', 2, 175000),
(136, 'MINI PACK SERI M1 TONER B', 1, 190000),
(137, 'PAKET BUMIL 2 AC PU PS FW + BRIGHTENING TONER', 1, 350000),
(138, 'LUMINOUS LIGHTENING SERUM', 2, 240000),
(139, 'PAKET SW2 MIX 2 AC PS CAIR + TONER ACNE', 1, 345000),
(140, 'LOTION PAGI WHITENING KECIL', 2, 40000),
(141, 'PAKET BUMIL 1 AS PS + TONER SUPER', 1, 275000),
(142, 'LUMINAGE LIGHTENING SERUM 15 ML', 2, 315000),
(143, 'PAKET BADAN HEMAT LUXURY', 1, 435000),
(144, 'PAKET PB1 PS + TONER MELASMA', 1, 200000),
(145, 'PAKET BADAN HEMAT MASKULIN', 1, 270000),
(146, 'AF4', 2, 90000),
(147, 'CREAM PAGI PB1', 2, 85000),
(148, 'SABUN WAJAH M 100 ML', 2, 50000),
(149, 'SERUM MELASMA KECIL', 2, 85000),
(150, 'LOT PAGI LUX', 2, 110000),
(151, 'PAKET PB1 TONER B MC SUN B', 1, 305000),
(152, 'PAKET SW2 TONER MELASMA CS AF', 1, 420000),
(153, 'TONER WHITENING', 2, 100000),
(154, 'CREAM KOMEDO', 2, 65000),
(155, 'PAKET SW2 TONER MELASMA MC SUN B', 1, 420000),
(156, 'PAKET SW2 MIX 2 AC TONER B CS TR', 1, 430000),
(157, 'CREAM BADAN B2', 2, 135000),
(158, 'CREAM MALAM SW 1', 2, 110000),
(159, 'PAKET SW2 TONER ACNE CS TR', 1, 420000),
(160, 'SERUM VITAMIN C 15% 20ML', 2, 175000),
(161, 'BRIGTHENING TONER', 2, 80000),
(162, 'CALMING WHITENING NIGHT CREAM', 2, 95000),
(163, 'MINI PACK SERI M1 TONER NORMAL', 1, 185000),
(164, 'PAKET SW2 PS + TONER MELASMA', 2, 350000),
(165, 'BB BRIGHT CREAM', 2, 140000),
(166, 'PAKET M1 NON TONER MC SUN B', 1, 266000),
(167, 'PAKET SW2 PCS NON TONER CM/CM', 1, 284000),
(168, 'PAKET M1 PS NON TONER CP/CP', 1, 207000),
(169, 'SERUM MELASMA BESAR', 2, 158000),
(170, 'SUNSCREEN BODY WHITENING', 2, 72000),
(171, 'PAKET PB1 PS + TONER ACNE', 1, 180000),
(172, 'PAKET SW2 PC NON TONER CM/CM', 1, 284000),
(173, 'PAKET 2 AC TONER B CS TR', 1, 401000),
(174, 'V-SMOOTH NECK CREAM', 2, 140000),
(175, 'DAY LOTION MASKLULIN', 2, 45000),
(176, 'PAKET 2 AC PCS NON TONER CM/CM', 1, 284000),
(177, 'PAKET SW2 PCS + TONER B', 1, 302000),
(178, 'PAKET SW2 TONER B CS SUN B', 1, 387000),
(179, 'PAKET M1 PS NON TONER CM/CM', 1, 207000),
(180, 'PAKET PRAKTIS 2 AC1', 1, 315000),
(181, 'BLEACHING SCRUB BESAR', 2, 104000),
(182, 'PAKET 2 AC PS CAIR NON TONER CP/CM', 1, 266000),
(183, 'PAKET M1 PS + TONER MELASMA', 1, 230000),
(184, 'PAKET M1 MIX PB1 PS + TONER ACNE', 1, 221000),
(185, 'MOIST KECIL', 2, 18000),
(186, 'PAKET 2 AC PU TONER ACNE CS TR', 1, 392000),
(187, 'PAKET M1 PC NON TONER CP/CP', 1, 198000),
(188, 'PAKET 2 AC PS PADAT NON TONER CP/CP', 1, 257000),
(189, 'PAKET SW2 PCS + TONER B STRONG', 1, 302000),
(190, 'LOT MALAM LUX', 2, 99000),
(191, 'PAKET BADAN PEMULA LENGKAP CAIR', 1, 378000),
(192, 'PAKET SW2 PC + TONER MELASMA', 1, 293000),
(193, 'SERUM GOLD 8 ML', 2, 77000),
(194, 'PAKET SW2 PC NON TONER CP/CM', 1, 284000),
(195, 'PAKET M1 PCS NON TONER CP/CP', 1, 198000),
(196, 'AF2', 2, 72000),
(197, 'SHIMMER BODY LOTION', 2, 90000),
(198, 'PAKET SW2 PS NON TONER CP/CM', 1, 297000),
(199, 'PAKET BUMIL 2 AC PU PADAT TONER ACNE MC TR', 1, 392000),
(200, 'MILK CLEANSER GLOWING', 2, 67000),
(201, 'PAKET SW2 PCS + TONER ACNE', 1, 293000),
(202, 'PAKET PB1 TONER MELASMA MC AF1', 1, 266000),
(203, 'SERUM FOR ACNE 20 ML', 2, 158000),
(204, 'PAKET SW2 PCS + TONER MELASMA', 1, 293000),
(205, 'PAKET PB1 TONER ACNE CS TR', 1, 266000),
(206, 'PAKET SW2 PCS NON TONER CP/CM', 1, 284000),
(207, 'TONER SOOTHING ACNE 50ML', 2, 90000),
(208, 'PAKET M1 PCS + TONER B', 1, 230000),
(209, 'PAKET M1 PC NON TONER CP/CM', 1, 198000),
(210, 'LIGHTENING BODY LOTION 100ML IVORY', 2, 175500),
(211, 'AF3', 2, 90000),
(212, 'NIGHT REGENERATING LOTION PU', 2, 99000),
(213, 'BODY BUTTER', 2, 63000),
(214, 'PAKET LENGKAP LUXURY GLOWING', 1, 558000),
(215, 'LIGHTENING BODY LOTION 100ML PINK', 2, 175000),
(216, 'PAKET LENGKAP 2 AC TONER SHOOTING ACNE', 1, 459000),
(217, 'PAKET SW2 PS NON TONER CP/CP', 1, 297000);

--
-- Indexes for dumped tables
--

--
-- Indexes for table `barang_masuk`
--
ALTER TABLE `barang_masuk`
  ADD PRIMARY KEY (`id_masuk`),
  ADD KEY `id_produk` (`id_produk`);

--
-- Indexes for table `jenis_produk`
--
ALTER TABLE `jenis_produk`
  ADD PRIMARY KEY (`id_jenis`);

--
-- Indexes for table `produk`
--
ALTER TABLE `produk`
  ADD PRIMARY KEY (`id_produk`),
  ADD UNIQUE KEY `nama_produk` (`nama_produk`),
  ADD KEY `jenis_produk` (`jenis_produk`);

--
-- AUTO_INCREMENT for dumped tables
--

--
-- AUTO_INCREMENT for table `barang_masuk`
--
ALTER TABLE `barang_masuk`
  MODIFY `id_masuk` int(11) NOT NULL AUTO_INCREMENT, AUTO_INCREMENT=2044;

--
-- AUTO_INCREMENT for table `jenis_produk`
--
ALTER TABLE `jenis_produk`
  MODIFY `id_jenis` int(11) NOT NULL AUTO_INCREMENT, AUTO_INCREMENT=3;

--
-- AUTO_INCREMENT for table `produk`
--
ALTER TABLE `produk`
  MODIFY `id_produk` int(11) NOT NULL AUTO_INCREMENT, AUTO_INCREMENT=218;

--
-- Constraints for dumped tables
--

--
-- Constraints for table `barang_masuk`
--
ALTER TABLE `barang_masuk`
  ADD CONSTRAINT `barang_masuk_ibfk_1` FOREIGN KEY (`id_produk`) REFERENCES `produk` (`id_produk`);

--
-- Constraints for table `produk`
--
ALTER TABLE `produk`
  ADD CONSTRAINT `produk_ibfk_1` FOREIGN KEY (`jenis_produk`) REFERENCES `jenis_produk` (`id_jenis`);
COMMIT;

/*!40101 SET CHARACTER_SET_CLIENT=@OLD_CHARACTER_SET_CLIENT */;
/*!40101 SET CHARACTER_SET_RESULTS=@OLD_CHARACTER_SET_RESULTS */;
/*!40101 SET COLLATION_CONNECTION=@OLD_COLLATION_CONNECTION */;
